keyword,time,title,URL,location
마이카,2025.12.27 00:04,마이카,https://gall.dcinside.com/mgallery/board/view/?id=japanidolgirls&no=168337,C:/Users/WINDOWS 11/Desktop/kpop_agenda/Step2/DCInside/Articles\마이카-20251227-0004-1.txt
마이카,2025.12.27 00:36,진지하게마이카대신에 제대로된 의사 하나 있었으면,https://gall.dcinside.com/mgallery/board/view/?id=rdr2&no=622155,C:/Users/WINDOWS 11/Desktop/kpop_agenda/Step2/DCInside/Articles\마이카-20251227-0036-1.txt
마이카,2025.12.27 02:16,얘들아 우리 파딱이 핵쟁이 리드딴거 봤냐 ㅋㅋ,https://gall.dcinside.com/mgallery/board/view/?id=mycarbell&no=14198,C:/Users/WINDOWS 11/Desktop/kpop_agenda/Step2/DCInside/Articles\마이카-20251227-0216-1.txt
마이카,2025.12.27 02:31,마이카,https://gall.dcinside.com/mgallery/board/view/?id=japanidolgirls&no=168383,C:/Users/WINDOWS 11/Desktop/kpop_agenda/Step2/DCInside/Articles\마이카-20251227-0231-1.txt
마이카,2025.12.27 02:52,마이카역시 좋은 묭~,https://gall.dcinside.com/mini/board/view/?id=mio&no=216185,C:/Users/WINDOWS 11/Desktop/kpop_agenda/Step2/DCInside/Articles\마이카-20251227-0252-1.txt
마이카,2025.12.27 02:53,마이카는 신이고 묭솩은 무적이다,https://gall.dcinside.com/mini/board/view/?id=mio&no=216189,C:/Users/WINDOWS 11/Desktop/kpop_agenda/Step2/DCInside/Articles\마이카-20251227-0253-1.txt
마이카,2025.12.27 03:10,마이카,https://gall.dcinside.com/mgallery/board/view/?id=japanidolgirls&no=168393,C:/Users/WINDOWS 11/Desktop/kpop_agenda/Step2/DCInside/Articles\마이카-20251227-0310-1.txt
마이카,2025.12.27 04:07,마이카,https://gall.dcinside.com/mgallery/board/view/?id=japanidolgirls&no=168418,C:/Users/WINDOWS 11/Desktop/kpop_agenda/Step2/DCInside/Articles\마이카-20251227-0407-1.txt
마이카,2025.12.27 05:36,온갤 vs 레갤 투표 결과,https://gall.dcinside.com/mgallery/board/view/?id=mycarbell&no=14199,C:/Users/WINDOWS 11/Desktop/kpop_agenda/Step2/DCInside/Articles\마이카-20251227-0536-1.txt
마이카,2025.12.27 06:03,언더마이카옷 어떤가요?,https://gall.dcinside.com/mgallery/board/view/?id=mf&no=989587,C:/Users/WINDOWS 11/Desktop/kpop_agenda/Step2/DCInside/Articles\마이카-20251227-0603-1.txt
마이카,2025.12.27 06:08,아잇보이 특,https://gall.dcinside.com/mgallery/board/view/?id=mycarbell&no=14200,C:/Users/WINDOWS 11/Desktop/kpop_agenda/Step2/DCInside/Articles\마이카-20251227-0608-1.txt
마이카,2025.12.27 14:26,아니 에케비 콘서트 멤버 광고 개짜치네 ㅋㅋㅋㅋ,https://gall.dcinside.com/mgallery/board/view/?id=japanidolgirls&no=168562,C:/Users/WINDOWS 11/Desktop/kpop_agenda/Step2/DCInside/Articles\마이카-20251227-1426-1.txt
마이카,2025.12.27 14:44,이꼴러브마이카이름까지 써먹는건 좀 짜치네 ㅋㅋㅋ,https://gall.dcinside.com/board/view/?id=akb48&no=6088401,C:/Users/WINDOWS 11/Desktop/kpop_agenda/Step2/DCInside/Articles\마이카-20251227-1444-1.txt
마이카,2025.12.27 14:55,이토모모가 타그룹 센터들이랑 맞서는건 높이평가해야 . WEBP,https://gall.dcinside.com/board/view/?id=akb48&no=6088412,C:/Users/WINDOWS 11/Desktop/kpop_agenda/Step2/DCInside/Articles\마이카-20251227-1455-1.txt
마이카,2025.12.27 15:07,이 또한마이카님의 은혜겠지요,https://gall.dcinside.com/board/view/?id=akb48&no=6088421,C:/Users/WINDOWS 11/Desktop/kpop_agenda/Step2/DCInside/Articles\마이카-20251227-1507-1.txt
마이카,2025.12.27 18:31,이코러브와 삿시의 궁합 퍼센트,https://gall.dcinside.com/mgallery/board/view/?id=japanidolgirls&no=168674,C:/Users/WINDOWS 11/Desktop/kpop_agenda/Step2/DCInside/Articles\마이카-20251227-1831-1.txt
마이카,2025.12.27 20:32,마이카ㅈㄴ귀엽네,https://gall.dcinside.com/mini/board/view/?id=fangall&no=253463,C:/Users/WINDOWS 11/Desktop/kpop_agenda/Step2/DCInside/Articles\마이카-20251227-2032-1.txt
마이카,2025.12.27 21:02,마이카님 남자랑 좋아죽음,https://gall.dcinside.com/mgallery/board/view/?id=japanidolgirls&no=168725,C:/Users/WINDOWS 11/Desktop/kpop_agenda/Step2/DCInside/Articles\마이카-20251227-2102-1.txt
마이카,2025.12.27 21:12,10부스마이카스탯좀 알려주실분,https://gall.dcinside.com/board/view/?id=idolmaster_new1&no=8818047,C:/Users/WINDOWS 11/Desktop/kpop_agenda/Step2/DCInside/Articles\마이카-20251227-2112-1.txt
마이카,2025.12.27 21:13,마이카,https://gall.dcinside.com/mgallery/board/view/?id=japanidolgirls&no=168734,C:/Users/WINDOWS 11/Desktop/kpop_agenda/Step2/DCInside/Articles\마이카-20251227-2113-1.txt
마이카,2025.12.27 21:14,취해서쓰는글인데마이카랑남자랑있는짤 자제좀,https://gall.dcinside.com/mgallery/board/view/?id=japanidolgirls&no=168735,C:/Users/WINDOWS 11/Desktop/kpop_agenda/Step2/DCInside/Articles\마이카-20251227-2114-1.txt
마이카,2025.12.27 21:19,좋아죽는마이카,https://gall.dcinside.com/mgallery/board/view/?id=japanidolgirls&no=168742,C:/Users/WINDOWS 11/Desktop/kpop_agenda/Step2/DCInside/Articles\마이카-20251227-2119-1.txt
마이카,2025.12.27 21:27,"마이카의이런표정본적이없다.,",https://gall.dcinside.com/mgallery/board/view/?id=japanidolgirls&no=168752,C:/Users/WINDOWS 11/Desktop/kpop_agenda/Step2/DCInside/Articles\마이카-20251227-2127-1.txt
마이카,2025.12.27 21:31,7센터 쿠수니에게 식사 플로팅 걸건데,https://gall.dcinside.com/board/view/?id=arbeit&no=7107222,C:/Users/WINDOWS 11/Desktop/kpop_agenda/Step2/DCInside/Articles\마이카-20251227-2131-1.txt
마이카,2025.12.27 21:36,팬들에게 보여주는 무이카,https://gall.dcinside.com/mgallery/board/view/?id=japanidolgirls&no=168758,C:/Users/WINDOWS 11/Desktop/kpop_agenda/Step2/DCInside/Articles\마이카-20251227-2136-1.txt
마이카,2025.12.27 22:10,그랜드 c부스 질문좀,https://gall.dcinside.com/board/view/?id=idolmaster_new1&no=8818338,C:/Users/WINDOWS 11/Desktop/kpop_agenda/Step2/DCInside/Articles\마이카-20251227-2210-1.txt
마이카,2025.12.27 22:24,내년에 고쿠 미란이 닮은 쿠수니에게 고백 예정인데,https://gall.dcinside.com/board/view/?id=arbeit&no=7107300,C:/Users/WINDOWS 11/Desktop/kpop_agenda/Step2/DCInside/Articles\마이카-20251227-2224-1.txt
마이카,2025.12.27 23:04,마이카,https://gall.dcinside.com/mgallery/board/view/?id=japanidolgirls&no=168810,C:/Users/WINDOWS 11/Desktop/kpop_agenda/Step2/DCInside/Articles\마이카-20251227-2304-1.txt
마이카,2025.12.28 00:39,사사키마이카한테 좀 감긴거같네,https://gall.dcinside.com/mgallery/board/view/?id=japtrainee&no=2765686,C:/Users/WINDOWS 11/Desktop/kpop_agenda/Step2/DCInside/Articles\마이카-20251228-0039-1.txt
마이카,2025.12.28 01:26,마이카유카룽카요용 섞은느낌이네,https://gall.dcinside.com/mgallery/board/view/?id=japtrainee&no=2765702,C:/Users/WINDOWS 11/Desktop/kpop_agenda/Step2/DCInside/Articles\마이카-20251228-0126-1.txt
마이카,2025.12.28 01:50,쿄카 성격에 이정도까지한거면,https://gall.dcinside.com/board/view/?id=swf3&no=711672,C:/Users/WINDOWS 11/Desktop/kpop_agenda/Step2/DCInside/Articles\마이카-20251228-0150-1.txt
마이카,2025.12.28 01:51,미리냐는 진짜 대단하다,https://gall.dcinside.com/mgallery/board/view/?id=japanidolgirls&no=168895,C:/Users/WINDOWS 11/Desktop/kpop_agenda/Step2/DCInside/Articles\마이카-20251228-0151-1.txt
마이카,2025.12.28 02:14,마이카일진이에요?,https://gall.dcinside.com/mgallery/board/view/?id=japanidolgirls&no=168902,C:/Users/WINDOWS 11/Desktop/kpop_agenda/Step2/DCInside/Articles\마이카-20251228-0214-1.txt
마이카,2025.12.28 03:45,이제생각하니 밐갤에 맨날마이카랑 뤄톈이 얘기밖에안한거같네,https://gall.dcinside.com/mgallery/board/view/?id=mikuhatsune&no=567186,C:/Users/WINDOWS 11/Desktop/kpop_agenda/Step2/DCInside/Articles\마이카-20251228-0345-1.txt
마이카,2025.12.28 12:34,여신임,https://gall.dcinside.com/mgallery/board/view/?id=japanidolgirls&no=169052,C:/Users/WINDOWS 11/Desktop/kpop_agenda/Step2/DCInside/Articles\마이카-20251228-1234-1.txt
마이카,2025.12.28 14:43,엠슈라봤는데마이카한테 학살당했노,https://gall.dcinside.com/board/view/?id=akb48&no=6088775,C:/Users/WINDOWS 11/Desktop/kpop_agenda/Step2/DCInside/Articles\마이카-20251228-1443-1.txt
마이카,2025.12.28 15:53,"각성~용혼,V시즌 드절,FR 라이드라인 판매합니다",https://gall.dcinside.com/mgallery/board/view/?id=vg&no=537153,C:/Users/WINDOWS 11/Desktop/kpop_agenda/Step2/DCInside/Articles\마이카-20251228-1553-1.txt
마이카,2025.12.28 17:11,갤복했는데 드디어 종호 굴복했네,https://gall.dcinside.com/mgallery/board/view/?id=japanidolgirls&no=169156,C:/Users/WINDOWS 11/Desktop/kpop_agenda/Step2/DCInside/Articles\마이카-20251228-1711-1.txt
마이카,2025.12.28 17:34,마이카같은데?,https://gall.dcinside.com/mgallery/board/view/?id=japanidolgirls&no=169165,C:/Users/WINDOWS 11/Desktop/kpop_agenda/Step2/DCInside/Articles\마이카-20251228-1734-1.txt
마이카,2025.12.28 17:52,설마마이카겠어,https://gall.dcinside.com/mgallery/board/view/?id=japanidolgirls&no=169171,C:/Users/WINDOWS 11/Desktop/kpop_agenda/Step2/DCInside/Articles\마이카-20251228-1752-1.txt
마이카,2025.12.28 18:07,마이카라는거 같은데?,https://gall.dcinside.com/board/view/?id=japan_entertainment&no=5817093,C:/Users/WINDOWS 11/Desktop/kpop_agenda/Step2/DCInside/Articles\마이카-20251228-1807-1.txt
마이카,2025.12.28 18:07,나가노 메이 터뜨린곳인데 설마 다른애겠냐,https://gall.dcinside.com/mgallery/board/view/?id=japanidolgirls&no=169194,C:/Users/WINDOWS 11/Desktop/kpop_agenda/Step2/DCInside/Articles\마이카-20251228-1807-2.txt
마이카,2025.12.28 18:13,데스돌도 아니고 문춘이 가오가 있죠,https://gall.dcinside.com/mgallery/board/view/?id=japanidolgirls&no=169202,C:/Users/WINDOWS 11/Desktop/kpop_agenda/Step2/DCInside/Articles\마이카-20251228-1813-1.txt
마이카,2025.12.28 18:14,타카하시 후미야&사사키마이카,https://gall.dcinside.com/mgallery/board/view/?id=japanidolgirls&no=169204,C:/Users/WINDOWS 11/Desktop/kpop_agenda/Step2/DCInside/Articles\마이카-20251228-1814-1.txt
마이카,2025.12.28 18:14,마이카님 안돼,https://gall.dcinside.com/mgallery/board/view/?id=japanidolgirls&no=169205,C:/Users/WINDOWS 11/Desktop/kpop_agenda/Step2/DCInside/Articles\마이카-20251228-1814-2.txt
마이카,2025.12.28 18:15,"마이카,난카,레논만 아니면 돼",https://gall.dcinside.com/mgallery/board/view/?id=japanidolgirls&no=169208,C:/Users/WINDOWS 11/Desktop/kpop_agenda/Step2/DCInside/Articles\마이카-20251228-1815-1.txt
마이카,2025.12.28 18:16,지금 시점에서마이카면 얘기가 달라지는데ㄹㅇ,https://gall.dcinside.com/mgallery/board/view/?id=japanidolgirls&no=169210,C:/Users/WINDOWS 11/Desktop/kpop_agenda/Step2/DCInside/Articles\마이카-20251228-1816-1.txt
마이카,2025.12.28 18:17,마이카없어도 이코러브 괜찮잖아?,https://gall.dcinside.com/mgallery/board/view/?id=japanidolgirls&no=169211,C:/Users/WINDOWS 11/Desktop/kpop_agenda/Step2/DCInside/Articles\마이카-20251228-1817-1.txt
마이카,2025.12.28 18:17,"마이카면 기세 꺾여서 안되는데,,",https://gall.dcinside.com/mgallery/board/view/?id=japanidolgirls&no=169213,C:/Users/WINDOWS 11/Desktop/kpop_agenda/Step2/DCInside/Articles\마이카-20251228-1817-2.txt
마이카,2025.12.28 18:19,마이카우시들 잘가...,https://gall.dcinside.com/board/view/?id=akb48&no=6088827,C:/Users/WINDOWS 11/Desktop/kpop_agenda/Step2/DCInside/Articles\마이카-20251228-1819-1.txt
마이카,2025.12.28 18:23,마이카가 가면라이더랑 부타이 한적 있데,https://gall.dcinside.com/board/view/?id=akb48&no=6088830,C:/Users/WINDOWS 11/Desktop/kpop_agenda/Step2/DCInside/Articles\마이카-20251228-1823-1.txt
마이카,2025.12.28 18:25,트위터에서는 거의마이카로 확정 분위기,https://gall.dcinside.com/board/view/?id=akb48&no=6088833,C:/Users/WINDOWS 11/Desktop/kpop_agenda/Step2/DCInside/Articles\마이카-20251228-1825-1.txt
마이카,2025.12.28 18:28,ㅋㅋ 진짜마이카인갑네,https://gall.dcinside.com/mgallery/board/view/?id=japanidolgirls&no=169227,C:/Users/WINDOWS 11/Desktop/kpop_agenda/Step2/DCInside/Articles\마이카-20251228-1828-1.txt
마이카,2025.12.28 18:33,그래도마이카는 남자 얼굴 보는구나,https://gall.dcinside.com/mgallery/board/view/?id=japanidolgirls&no=169236,C:/Users/WINDOWS 11/Desktop/kpop_agenda/Step2/DCInside/Articles\마이카-20251228-1833-1.txt
마이카,2025.12.28 18:37,지금마이카오타들 정신 나갔어,https://gall.dcinside.com/mgallery/board/view/?id=japanidolgirls&no=169240,C:/Users/WINDOWS 11/Desktop/kpop_agenda/Step2/DCInside/Articles\마이카-20251228-1837-1.txt
마이카,2025.12.28 18:38,마이카이대로 가면..,https://gall.dcinside.com/mgallery/board/view/?id=japanidolgirls&no=169241,C:/Users/WINDOWS 11/Desktop/kpop_agenda/Step2/DCInside/Articles\마이카-20251228-1838-1.txt
마이카,2025.12.28 18:39,마이카가 뭐가 중요해,https://gall.dcinside.com/mgallery/board/view/?id=japanidolgirls&no=169242,C:/Users/WINDOWS 11/Desktop/kpop_agenda/Step2/DCInside/Articles\마이카-20251228-1839-1.txt
마이카,2025.12.28 18:41,근데마이카터지면 이코러브 도쿄돔은 못가겠네,https://gall.dcinside.com/mgallery/board/view/?id=japanidolgirls&no=169248,C:/Users/WINDOWS 11/Desktop/kpop_agenda/Step2/DCInside/Articles\마이카-20251228-1841-1.txt
마이카,2025.12.28 18:43,그래도 걍 사과문으로 끝낼듯,https://gall.dcinside.com/mgallery/board/view/?id=japanidolgirls&no=169252,C:/Users/WINDOWS 11/Desktop/kpop_agenda/Step2/DCInside/Articles\마이카-20251228-1843-1.txt
마이카,2025.12.28 18:44,마이카쳐내고 나기사 복귀시키죠,https://gall.dcinside.com/mgallery/board/view/?id=japanidolgirls&no=169254,C:/Users/WINDOWS 11/Desktop/kpop_agenda/Step2/DCInside/Articles\마이카-20251228-1844-1.txt
마이카,2025.12.28 18:44,이게다 나기사의 은혜겠지요마이카도 나가는거 아냐?,https://gall.dcinside.com/mgallery/board/view/?id=japanidolgirls&no=169253,C:/Users/WINDOWS 11/Desktop/kpop_agenda/Step2/DCInside/Articles\마이카-20251228-1844-2.txt
마이카,2025.12.28 18:46,진짜마이카인갑네..,https://gall.dcinside.com/mgallery/board/view/?id=asiaenter&no=991416,C:/Users/WINDOWS 11/Desktop/kpop_agenda/Step2/DCInside/Articles\마이카-20251228-1846-1.txt
마이카,2025.12.28 18:46,마이카아니라 노이미 나츠미라는 새로운 이론 등장,https://gall.dcinside.com/mgallery/board/view/?id=japanidolgirls&no=169257,C:/Users/WINDOWS 11/Desktop/kpop_agenda/Step2/DCInside/Articles\마이카-20251228-1846-2.txt
마이카,2025.12.28 18:48,마이카로 확정인 분위기냐?,https://gall.dcinside.com/mgallery/board/view/?id=japanidolgirls&no=169260,C:/Users/WINDOWS 11/Desktop/kpop_agenda/Step2/DCInside/Articles\마이카-20251228-1848-1.txt
마이카,2025.12.28 18:50,마이카그럴줄알았다!!,https://gall.dcinside.com/board/view/?id=akb48&no=6088854,C:/Users/WINDOWS 11/Desktop/kpop_agenda/Step2/DCInside/Articles\마이카-20251228-1850-1.txt
마이카,2025.12.28 18:52,고닉 '마이카님' 어떻게 됨?,https://gall.dcinside.com/board/view/?id=akb48&no=6088856,C:/Users/WINDOWS 11/Desktop/kpop_agenda/Step2/DCInside/Articles\마이카-20251228-1852-1.txt
마이카,2025.12.28 19:10,일단 지금 유력 용의자는 셋인듯,https://gall.dcinside.com/mgallery/board/view/?id=japanidolgirls&no=169293,C:/Users/WINDOWS 11/Desktop/kpop_agenda/Step2/DCInside/Articles\마이카-20251228-1910-1.txt
마이카,2025.12.28 19:15,근데마이카루머남 존나 잘생겼네,https://gall.dcinside.com/mgallery/board/view/?id=japanidolgirls&no=169297,C:/Users/WINDOWS 11/Desktop/kpop_agenda/Step2/DCInside/Articles\마이카-20251228-1915-1.txt
마이카,2025.12.28 19:16,이꼬러브 지금 미친 상승세인데 설마,https://gall.dcinside.com/board/view/?id=japan_entertainment&no=5817129,C:/Users/WINDOWS 11/Desktop/kpop_agenda/Step2/DCInside/Articles\마이카-20251228-1916-1.txt
마이카,2025.12.28 19:16,님들마이카가 싫음 더치가 싫음,https://gall.dcinside.com/mgallery/board/view/?id=aoegame&no=29881516,C:/Users/WINDOWS 11/Desktop/kpop_agenda/Step2/DCInside/Articles\마이카-20251228-1916-2.txt
마이카,2025.12.28 19:20,무데리 <마이카칼에 찔려뒤지는게 정사 아님?,https://gall.dcinside.com/mgallery/board/view/?id=aoegame&no=29881541,C:/Users/WINDOWS 11/Desktop/kpop_agenda/Step2/DCInside/Articles\마이카-20251228-1920-1.txt
마이카,2025.12.28 19:32,삿시돌하면 옛날에 사이토 나기사랑 불화설 생각남,https://gall.dcinside.com/board/view/?id=japan_entertainment&no=5817139,C:/Users/WINDOWS 11/Desktop/kpop_agenda/Step2/DCInside/Articles\마이카-20251228-1932-1.txt
마이카,2025.12.28 19:45,마이카ㅋ이오리ㅋ에미리ㅋ,https://gall.dcinside.com/mgallery/board/view/?id=japanidolgirls&no=169315,C:/Users/WINDOWS 11/Desktop/kpop_agenda/Step2/DCInside/Articles\마이카-20251228-1945-1.txt
마이카,2025.12.28 19:49,마이카에 한표 던지고싶다,https://gall.dcinside.com/board/view/?id=japan_entertainment&no=5817152,C:/Users/WINDOWS 11/Desktop/kpop_agenda/Step2/DCInside/Articles\마이카-20251228-1949-1.txt
마이카,2025.12.28 20:00,단발은 아니라서마이카아니라는 설이,https://gall.dcinside.com/mgallery/board/view/?id=japanidolgirls&no=169328,C:/Users/WINDOWS 11/Desktop/kpop_agenda/Step2/DCInside/Articles\마이카-20251228-2000-1.txt
마이카,2025.12.28 20:18,마이카는 아닐 거 같음,https://gall.dcinside.com/mgallery/board/view/?id=japanidolgirls&no=169340,C:/Users/WINDOWS 11/Desktop/kpop_agenda/Step2/DCInside/Articles\마이카-20251228-2018-1.txt
마이카,2025.12.28 20:33,라이브 보고오니까 문춘 뭐 뜸?,https://gall.dcinside.com/mgallery/board/view/?id=japanidolgirls&no=169355,C:/Users/WINDOWS 11/Desktop/kpop_agenda/Step2/DCInside/Articles\마이카-20251228-2033-1.txt
마이카,2025.12.28 21:40,이거왜 전발했는데 900만도안뜨지,https://gall.dcinside.com/board/view/?id=idolmaster_new1&no=8826092,C:/Users/WINDOWS 11/Desktop/kpop_agenda/Step2/DCInside/Articles\마이카-20251228-2140-1.txt
마이카,2025.12.28 22:29,마스터: 여긴 내 마스터 카드로 결제해,https://gall.dcinside.com/mgallery/board/view/?id=mikuhatsune&no=567950,C:/Users/WINDOWS 11/Desktop/kpop_agenda/Step2/DCInside/Articles\마이카-20251228-2229-1.txt
마이카,2025.12.28 22:51,마이카,https://gall.dcinside.com/mgallery/board/view/?id=japanidolgirls&no=169502,C:/Users/WINDOWS 11/Desktop/kpop_agenda/Step2/DCInside/Articles\마이카-20251228-2251-1.txt
마이카,2025.12.28 23:20,난진짜 이오리 쇼코 모에코 미루뗑 난카 오기하나,https://gall.dcinside.com/mgallery/board/view/?id=japanidolgirls&no=169528,C:/Users/WINDOWS 11/Desktop/kpop_agenda/Step2/DCInside/Articles\마이카-20251228-2320-1.txt
마이카,2025.12.28 23:23,심심해서마이카한번 넣어봄,https://gall.dcinside.com/mgallery/board/view/?id=japanidolgirls&no=169531,C:/Users/WINDOWS 11/Desktop/kpop_agenda/Step2/DCInside/Articles\마이카-20251228-2323-1.txt
마이카,2025.12.28 23:56,크리스마스날 부산갔다온 이야기 (영주동전망대),https://gall.dcinside.com/mgallery/board/view/?id=daytripper&no=632,C:/Users/WINDOWS 11/Desktop/kpop_agenda/Step2/DCInside/Articles\마이카-20251228-2356-1.txt
마이카,2025.12.29 00:01,크리스마스날 부산갔다온 이야기,https://gall.dcinside.com/mgallery/board/view/?id=entp&no=933257,C:/Users/WINDOWS 11/Desktop/kpop_agenda/Step2/DCInside/Articles\마이카-20251229-0001-1.txt
마이카,2025.12.29 00:59,문춘 이코러브 사사키마이카라네요,https://gall.dcinside.com/board/view/?id=japan_entertainment&no=5817378,C:/Users/WINDOWS 11/Desktop/kpop_agenda/Step2/DCInside/Articles\마이카-20251229-0059-1.txt
마이카,2025.12.29 01:05,제발마이카,https://gall.dcinside.com/mgallery/board/view/?id=japanidolgirls&no=169576,C:/Users/WINDOWS 11/Desktop/kpop_agenda/Step2/DCInside/Articles\마이카-20251229-0105-1.txt
마이카,2025.12.29 01:09,마이카가 이꼬러브 1황 아니였어?,https://gall.dcinside.com/board/view/?id=japan_entertainment&no=5817386,C:/Users/WINDOWS 11/Desktop/kpop_agenda/Step2/DCInside/Articles\마이카-20251229-0109-1.txt
마이카,2025.12.29 01:27,난 삿시돌 노구치만 보여서 다행이였노,https://gall.dcinside.com/board/view/?id=japan_entertainment&no=5817397,C:/Users/WINDOWS 11/Desktop/kpop_agenda/Step2/DCInside/Articles\마이카-20251229-0127-1.txt
마이카,2025.12.29 07:01,시발마이카네,https://gall.dcinside.com/mgallery/board/view/?id=japanidolgirls&no=169600,C:/Users/WINDOWS 11/Desktop/kpop_agenda/Step2/DCInside/Articles\마이카-20251229-0701-1.txt
마이카,2025.12.29 07:02,마이카네 이런,https://gall.dcinside.com/board/view/?id=japan_entertainment&no=5817435,C:/Users/WINDOWS 11/Desktop/kpop_agenda/Step2/DCInside/Articles\마이카-20251229-0702-1.txt
마이카,2025.12.29 07:04,역시마이카네,https://gall.dcinside.com/mgallery/board/view/?id=japanidolgirls&no=169602,C:/Users/WINDOWS 11/Desktop/kpop_agenda/Step2/DCInside/Articles\마이카-20251229-0704-1.txt
마이카,2025.12.29 07:04,문춘포]마이카님 4살연하 미남배우와 열애 . gisa,https://gall.dcinside.com/board/view/?id=akb48&no=6089048,C:/Users/WINDOWS 11/Desktop/kpop_agenda/Step2/DCInside/Articles\마이카-20251229-0704-2.txt
마이카,2025.12.29 07:04,사사키~마이카!,https://gall.dcinside.com/mgallery/board/view/?id=asiaenter&no=991442,C:/Users/WINDOWS 11/Desktop/kpop_agenda/Step2/DCInside/Articles\마이카-20251229-0704-3.txt
마이카,2025.12.29 07:04,시발 이걸 맞춰 버렸네,https://gall.dcinside.com/mgallery/board/view/?id=japanidolgirls&no=169603,C:/Users/WINDOWS 11/Desktop/kpop_agenda/Step2/DCInside/Articles\마이카-20251229-0704-4.txt
마이카,2025.12.29 07:04,마이카였네,https://gall.dcinside.com/mgallery/board/view/?id=japanidolgirls&no=169604,C:/Users/WINDOWS 11/Desktop/kpop_agenda/Step2/DCInside/Articles\마이카-20251229-0704-5.txt
마이카,2025.12.29 07:05,마이카네,https://gall.dcinside.com/mgallery/board/view/?id=japanidolgirls&no=169606,C:/Users/WINDOWS 11/Desktop/kpop_agenda/Step2/DCInside/Articles\마이카-20251229-0705-1.txt
마이카,2025.12.29 07:07,담배 피고 와야겠다 ㅅㅂ,https://gall.dcinside.com/mgallery/board/view/?id=japanidolgirls&no=169611,C:/Users/WINDOWS 11/Desktop/kpop_agenda/Step2/DCInside/Articles\마이카-20251229-0707-1.txt
마이카,2025.12.29 07:09,무다리마이카머해,https://gall.dcinside.com/board/view/?id=japan_entertainment&no=5817439,C:/Users/WINDOWS 11/Desktop/kpop_agenda/Step2/DCInside/Articles\마이카-20251229-0709-1.txt
마이카,2025.12.29 07:09,마이카ㅋㅋㅋ,https://gall.dcinside.com/mgallery/board/view/?id=japanidolgirls&no=169612,C:/Users/WINDOWS 11/Desktop/kpop_agenda/Step2/DCInside/Articles\마이카-20251229-0709-2.txt
마이카,2025.12.29 07:10,휴 이오리 아니라서 다행이야,https://gall.dcinside.com/board/view/?id=japan_entertainment&no=5817440,C:/Users/WINDOWS 11/Desktop/kpop_agenda/Step2/DCInside/Articles\마이카-20251229-0710-1.txt
마이카,2025.12.29 07:12,마이카잖아 누가 모에코로 간봄,https://gall.dcinside.com/mgallery/board/view/?id=japanidolgirls&no=169615,C:/Users/WINDOWS 11/Desktop/kpop_agenda/Step2/DCInside/Articles\마이카-20251229-0712-1.txt
마이카,2025.12.29 07:14,남자 배우 사진,https://gall.dcinside.com/mgallery/board/view/?id=japanidolgirls&no=169617,C:/Users/WINDOWS 11/Desktop/kpop_agenda/Step2/DCInside/Articles\마이카-20251229-0714-1.txt
마이카,2025.12.29 07:20,그래도 상대가 젊은 이케멘이네,https://gall.dcinside.com/mgallery/board/view/?id=japanidolgirls&no=169622,C:/Users/WINDOWS 11/Desktop/kpop_agenda/Step2/DCInside/Articles\마이카-20251229-0720-1.txt
마이카,2025.12.29 07:20,마이카바이바이~,https://gall.dcinside.com/board/view/?id=japan_entertainment&no=5817445,C:/Users/WINDOWS 11/Desktop/kpop_agenda/Step2/DCInside/Articles\마이카-20251229-0720-2.txt
마이카,2025.12.29 07:26,이오리 아님 ㅅㅅ,https://gall.dcinside.com/mgallery/board/view/?id=japanidolgirls&no=169627,C:/Users/WINDOWS 11/Desktop/kpop_agenda/Step2/DCInside/Articles\마이카-20251229-0726-1.txt
마이카,2025.12.29 07:27,뭔가마이카일거같긴했는데,https://gall.dcinside.com/mgallery/board/view/?id=japanidolgirls&no=169630,C:/Users/WINDOWS 11/Desktop/kpop_agenda/Step2/DCInside/Articles\마이카-20251229-0727-1.txt
마이카,2025.12.29 07:27,근데 그룹 지명도 올리는데엔 효과 있을것 같음,https://gall.dcinside.com/mgallery/board/view/?id=japanidolgirls&no=169635,C:/Users/WINDOWS 11/Desktop/kpop_agenda/Step2/DCInside/Articles\마이카-20251229-0727-2.txt
마이카,2025.12.29 07:28,"마이카빠른00이네,",https://gall.dcinside.com/mgallery/board/view/?id=japanidolgirls&no=169638,C:/Users/WINDOWS 11/Desktop/kpop_agenda/Step2/DCInside/Articles\마이카-20251229-0728-1.txt
마이카,2025.12.29 07:29,마이카잘못임? 짤,https://gall.dcinside.com/mgallery/board/view/?id=japanidolgirls&no=169639,C:/Users/WINDOWS 11/Desktop/kpop_agenda/Step2/DCInside/Articles\마이카-20251229-0729-1.txt
마이카,2025.12.29 07:29,마이카수납 당하겠네ㅋㅋㅋㅋ,https://gall.dcinside.com/mgallery/board/view/?id=japanidolgirls&no=169642,C:/Users/WINDOWS 11/Desktop/kpop_agenda/Step2/DCInside/Articles\마이카-20251229-0729-2.txt
마이카,2025.12.29 07:30,나기사 눈나 한을 푸셔요,https://gall.dcinside.com/board/view/?id=japan_entertainment&no=5817451,C:/Users/WINDOWS 11/Desktop/kpop_agenda/Step2/DCInside/Articles\마이카-20251229-0730-1.txt
마이카,2025.12.29 07:32,상대 스캔들남 우메와 드라마 찍었었네,https://gall.dcinside.com/mgallery/board/view/?id=japanidolgirls&no=169645,C:/Users/WINDOWS 11/Desktop/kpop_agenda/Step2/DCInside/Articles\마이카-20251229-0732-1.txt
마이카,2025.12.29 07:32,내일 이코러브 레코대 나오는데ㅋㅋㅋㅋ,https://gall.dcinside.com/mgallery/board/view/?id=japanidolgirls&no=169646,C:/Users/WINDOWS 11/Desktop/kpop_agenda/Step2/DCInside/Articles\마이카-20251229-0732-2.txt
마이카,2025.12.29 07:40,마이카였어?,https://gall.dcinside.com/mgallery/board/view/?id=japanidolgirls&no=169658,C:/Users/WINDOWS 11/Desktop/kpop_agenda/Step2/DCInside/Articles\마이카-20251229-0740-1.txt
마이카,2025.12.29 07:43,시발 폰에마이카사진만 6천장 있는데,https://gall.dcinside.com/mgallery/board/view/?id=japanidolgirls&no=169662,C:/Users/WINDOWS 11/Desktop/kpop_agenda/Step2/DCInside/Articles\마이카-20251229-0743-1.txt
마이카,2025.12.29 07:47,마이카는 견뎌낼것,https://gall.dcinside.com/mgallery/board/view/?id=japanidolgirls&no=169670,C:/Users/WINDOWS 11/Desktop/kpop_agenda/Step2/DCInside/Articles\마이카-20251229-0747-1.txt
마이카,2025.12.29 07:49,안나를 생각했다면 연애 못하지ㅅㅂ,https://gall.dcinside.com/mgallery/board/view/?id=japanidolgirls&no=169672,C:/Users/WINDOWS 11/Desktop/kpop_agenda/Step2/DCInside/Articles\마이카-20251229-0749-1.txt
마이카,2025.12.29 07:50,마이카수고했다,https://gall.dcinside.com/mgallery/board/view/?id=japanidolgirls&no=169673,C:/Users/WINDOWS 11/Desktop/kpop_agenda/Step2/DCInside/Articles\마이카-20251229-0750-1.txt
마이카,2025.12.29 07:50,시발마이카야,https://gall.dcinside.com/mgallery/board/view/?id=monologue&no=291606,C:/Users/WINDOWS 11/Desktop/kpop_agenda/Step2/DCInside/Articles\마이카-20251229-0750-2.txt
마이카,2025.12.29 07:54,마이카만큼은 아닐줄 알고 단빌 아닐거라고 랄지했는네,https://gall.dcinside.com/board/view/?id=japan_entertainment&no=5817457,C:/Users/WINDOWS 11/Desktop/kpop_agenda/Step2/DCInside/Articles\마이카-20251229-0754-1.txt
마이카,2025.12.29 07:55,근데 ㄹㅇ 좀 짜증남,https://gall.dcinside.com/board/view/?id=japan_entertainment&no=5817458,C:/Users/WINDOWS 11/Desktop/kpop_agenda/Step2/DCInside/Articles\마이카-20251229-0755-1.txt
마이카,2025.12.29 07:57,걍 부럽기만 하네...,https://gall.dcinside.com/mgallery/board/view/?id=japtrainee&no=2765816,C:/Users/WINDOWS 11/Desktop/kpop_agenda/Step2/DCInside/Articles\마이카-20251229-0757-1.txt
마이카,2025.12.29 07:59,그래서마이카노콘 했어 안했어,https://gall.dcinside.com/mgallery/board/view/?id=japanidolgirls&no=169687,C:/Users/WINDOWS 11/Desktop/kpop_agenda/Step2/DCInside/Articles\마이카-20251229-0759-1.txt
마이카,2025.12.29 08:00,사사키마이카문춘,https://gall.dcinside.com/mgallery/board/view/?id=akb48show&no=373239,C:/Users/WINDOWS 11/Desktop/kpop_agenda/Step2/DCInside/Articles\마이카-20251229-0800-1.txt
마이카,2025.12.29 08:01,마이카가 애도 아니고 거 섹스도 좀 하고 그럴수있지,https://gall.dcinside.com/mgallery/board/view/?id=japanidolgirls&no=169689,C:/Users/WINDOWS 11/Desktop/kpop_agenda/Step2/DCInside/Articles\마이카-20251229-0801-1.txt
마이카,2025.12.29 08:02,마이카오타들아 견뎌내라,https://gall.dcinside.com/mgallery/board/view/?id=japanidolgirls&no=169690,C:/Users/WINDOWS 11/Desktop/kpop_agenda/Step2/DCInside/Articles\마이카-20251229-0802-1.txt
마이카,2025.12.29 08:04,마이카이름대로,https://gall.dcinside.com/board/view/?id=akb48&no=6089064,C:/Users/WINDOWS 11/Desktop/kpop_agenda/Step2/DCInside/Articles\마이카-20251229-0804-1.txt
마이카,2025.12.29 08:06,마이카이름대로 가면라이더 배우 전용차가 됐노,https://gall.dcinside.com/mgallery/board/view/?id=japanidolgirls&no=169696,C:/Users/WINDOWS 11/Desktop/kpop_agenda/Step2/DCInside/Articles\마이카-20251229-0806-1.txt
마이카,2025.12.29 08:06,마이카가잘못한거같음,https://gall.dcinside.com/mgallery/board/view/?id=japanidolgirls&no=169695,C:/Users/WINDOWS 11/Desktop/kpop_agenda/Step2/DCInside/Articles\마이카-20251229-0806-2.txt
마이카,2025.12.29 08:08,마이카는 일본 여돌 느낌이 1도 없긴 했어,https://gall.dcinside.com/mgallery/board/view/?id=japanidolgirls&no=169700,C:/Users/WINDOWS 11/Desktop/kpop_agenda/Step2/DCInside/Articles\마이카-20251229-0808-1.txt
마이카,2025.12.29 08:12,마이카가 아제메처럼 변한이유가 잇엇노 ㅋㅋㄱㅋ,https://gall.dcinside.com/mgallery/board/view/?id=japanidolgirls&no=169704,C:/Users/WINDOWS 11/Desktop/kpop_agenda/Step2/DCInside/Articles\마이카-20251229-0812-1.txt
마이카,2025.12.29 08:13,마이카근데 나이 은근히 많았네,https://gall.dcinside.com/mgallery/board/view/?id=japanidolgirls&no=169708,C:/Users/WINDOWS 11/Desktop/kpop_agenda/Step2/DCInside/Articles\마이카-20251229-0813-1.txt
마이카,2025.12.29 08:14,마이카근데 슬슬 그만두고 싶어할껄,https://gall.dcinside.com/mgallery/board/view/?id=japanidolgirls&no=169709,C:/Users/WINDOWS 11/Desktop/kpop_agenda/Step2/DCInside/Articles\마이카-20251229-0814-1.txt
마이카,2025.12.29 08:15,마이카올해 점본거 끌올당하는중,https://gall.dcinside.com/mgallery/board/view/?id=japanidolgirls&no=169710,C:/Users/WINDOWS 11/Desktop/kpop_agenda/Step2/DCInside/Articles\마이카-20251229-0815-1.txt
마이카,2025.12.29 08:16,마이카욕먹는거보여주삼,https://gall.dcinside.com/mgallery/board/view/?id=japanidolgirls&no=169711,C:/Users/WINDOWS 11/Desktop/kpop_agenda/Step2/DCInside/Articles\마이카-20251229-0816-1.txt
마이카,2025.12.29 08:25,마이카인생꼬이기 시작한 지금이 약자남성에게는 찬스다,https://gall.dcinside.com/mgallery/board/view/?id=japanidolgirls&no=169717,C:/Users/WINDOWS 11/Desktop/kpop_agenda/Step2/DCInside/Articles\마이카-20251229-0825-1.txt
마이카,2025.12.29 08:43,마이카님,https://gall.dcinside.com/mgallery/board/view/?id=japanidolgirls&no=169731,C:/Users/WINDOWS 11/Desktop/kpop_agenda/Step2/DCInside/Articles\마이카-20251229-0843-1.txt
마이카,2025.12.29 08:44,에미리가 지켜보고 있어요마이카님,https://gall.dcinside.com/board/view/?id=akb48&no=6089082,C:/Users/WINDOWS 11/Desktop/kpop_agenda/Step2/DCInside/Articles\마이카-20251229-0844-1.txt
마이카,2025.12.29 08:45,마이카에게 들려주고 싶은 노래,https://gall.dcinside.com/mgallery/board/view/?id=japanidolgirls&no=169732,C:/Users/WINDOWS 11/Desktop/kpop_agenda/Step2/DCInside/Articles\마이카-20251229-0845-1.txt
마이카,2025.12.29 08:49,마이카이거 당하는거 아님?,https://gall.dcinside.com/mgallery/board/view/?id=japanidolgirls&no=169736,C:/Users/WINDOWS 11/Desktop/kpop_agenda/Step2/DCInside/Articles\마이카-20251229-0849-1.txt
마이카,2025.12.29 08:53,마이카랑 싸웠다는 나기사 누나 이쁘네,https://gall.dcinside.com/board/view/?id=japan_entertainment&no=5817467,C:/Users/WINDOWS 11/Desktop/kpop_agenda/Step2/DCInside/Articles\마이카-20251229-0853-1.txt
마이카,2025.12.29 08:55,그와중에 이것도 끌올 당하는,https://gall.dcinside.com/mgallery/board/view/?id=japanidolgirls&no=169740,C:/Users/WINDOWS 11/Desktop/kpop_agenda/Step2/DCInside/Articles\마이카-20251229-0855-1.txt
마이카,2025.12.29 08:58,시끄럽게 연애 하고 싶으면 이꼬러브마이카말고,https://gall.dcinside.com/mgallery/board/view/?id=japanidolgirls&no=169741,C:/Users/WINDOWS 11/Desktop/kpop_agenda/Step2/DCInside/Articles\마이카-20251229-0858-1.txt
마이카,2025.12.29 09:02,이꼬러브 공트 예상대로 스루 . twit,https://gall.dcinside.com/board/view/?id=akb48&no=6089087,C:/Users/WINDOWS 11/Desktop/kpop_agenda/Step2/DCInside/Articles\마이카-20251229-0902-1.txt
마이카,2025.12.29 09:08,시라이시 마이 알몸 걸즈룰VS 사사키마이카알몸 절대 아이돌 그만두지마,https://gall.dcinside.com/mgallery/board/view/?id=japanidolgirls&no=169746,C:/Users/WINDOWS 11/Desktop/kpop_agenda/Step2/DCInside/Articles\마이카-20251229-0908-1.txt
마이카,2025.12.29 09:12,마이카남친 뭔가 낯이 익더라니,https://gall.dcinside.com/board/view/?id=japan_entertainment&no=5817474,C:/Users/WINDOWS 11/Desktop/kpop_agenda/Step2/DCInside/Articles\마이카-20251229-0912-1.txt
마이카,2025.12.29 09:13,어제 올라온 열애설의 주인공이 다이지 / 카게로우 배우인가 보네,https://gall.dcinside.com/mgallery/board/view/?id=kamenrider&no=1013418,C:/Users/WINDOWS 11/Desktop/kpop_agenda/Step2/DCInside/Articles\마이카-20251229-0913-1.txt
마이카,2025.12.29 09:14,마이카나이도 많네,https://gall.dcinside.com/board/view/?id=akb48&no=6089089,C:/Users/WINDOWS 11/Desktop/kpop_agenda/Step2/DCInside/Articles\마이카-20251229-0914-1.txt
마이카,2025.12.29 09:15,삿시년이제대로돌았다,https://gall.dcinside.com/mgallery/board/view/?id=japanidolgirls&no=169750,C:/Users/WINDOWS 11/Desktop/kpop_agenda/Step2/DCInside/Articles\마이카-20251229-0915-1.txt
마이카,2025.12.29 09:16,진짜 농락일줄은,https://gall.dcinside.com/board/view/?id=akb48&no=6089090,C:/Users/WINDOWS 11/Desktop/kpop_agenda/Step2/DCInside/Articles\마이카-20251229-0916-1.txt
마이카,2025.12.29 09:18,ㅈ도안궁금한데 왜 여기서 설치는거임 ?,https://gall.dcinside.com/board/view/?id=japan_entertainment&no=5817475,C:/Users/WINDOWS 11/Desktop/kpop_agenda/Step2/DCInside/Articles\마이카-20251229-0918-1.txt
마이카,2025.12.29 09:26,마이카저 정신나간 련 ㅎㄷㄷㄷ 앞날 창창한 남배우 인생을 망쳐버리네,https://gall.dcinside.com/board/view/?id=japan_entertainment&no=5817478,C:/Users/WINDOWS 11/Desktop/kpop_agenda/Step2/DCInside/Articles\마이카-20251229-0926-1.txt
마이카,2025.12.29 09:27,연애 걸린 멤버는 졸업이 당연하고 졸업해도 남은 멤버들에게 죄인이다,https://gall.dcinside.com/mgallery/board/view/?id=japanidolgirls&no=169756,C:/Users/WINDOWS 11/Desktop/kpop_agenda/Step2/DCInside/Articles\마이카-20251229-0927-1.txt
마이카,2025.12.29 09:28,마이카가 아니구 라이더카였노 ㅋㅋ,https://gall.dcinside.com/board/view/?id=akb48&no=6089091,C:/Users/WINDOWS 11/Desktop/kpop_agenda/Step2/DCInside/Articles\마이카-20251229-0928-1.txt
마이카,2025.12.29 09:29,마이카악마같은련 ㅋㅋㅋㅋㅋ,https://gall.dcinside.com/board/view/?id=japan_entertainment&no=5817479,C:/Users/WINDOWS 11/Desktop/kpop_agenda/Step2/DCInside/Articles\마이카-20251229-0929-1.txt
마이카,2025.12.29 09:32,근데 연애하면 사람이 둥글어지긴 하나봐,https://gall.dcinside.com/mgallery/board/view/?id=japanidolgirls&no=169760,C:/Users/WINDOWS 11/Desktop/kpop_agenda/Step2/DCInside/Articles\마이카-20251229-0932-1.txt
마이카,2025.12.29 09:39,소신발언마이카걸린 김에,https://gall.dcinside.com/mgallery/board/view/?id=japanidolgirls&no=169764,C:/Users/WINDOWS 11/Desktop/kpop_agenda/Step2/DCInside/Articles\마이카-20251229-0939-1.txt
마이카,2025.12.29 09:48,마이카님 남친 친구가 제보했나보노 ㅋㅋㅋ,https://gall.dcinside.com/board/view/?id=akb48&no=6089101,C:/Users/WINDOWS 11/Desktop/kpop_agenda/Step2/DCInside/Articles\마이카-20251229-0948-1.txt
마이카,2025.12.29 09:49,저게 진짜면마이카는 그냥 표독한녀보다 더 한거네,https://gall.dcinside.com/mgallery/board/view/?id=japanidolgirls&no=169771,C:/Users/WINDOWS 11/Desktop/kpop_agenda/Step2/DCInside/Articles\마이카-20251229-0949-1.txt
마이카,2025.12.29 09:50,나는마이카응원해,https://gall.dcinside.com/board/view/?id=japan_entertainment&no=5817482,C:/Users/WINDOWS 11/Desktop/kpop_agenda/Step2/DCInside/Articles\마이카-20251229-0950-1.txt
마이카,2025.12.29 09:52,사시하라 트라우마 있어서,https://gall.dcinside.com/mgallery/board/view/?id=japanidolgirls&no=169775,C:/Users/WINDOWS 11/Desktop/kpop_agenda/Step2/DCInside/Articles\마이카-20251229-0952-1.txt
마이카,2025.12.29 09:52,마이카이코러브 간판아니냐 ㅋㅋㅋㅋㅋ,https://gall.dcinside.com/board/view/?id=akb48&no=6089104,C:/Users/WINDOWS 11/Desktop/kpop_agenda/Step2/DCInside/Articles\마이카-20251229-0952-2.txt
마이카,2025.12.29 09:55,마이카쨩한테 몬일있었어？？뭔 놀란터짐？,https://gall.dcinside.com/mgallery/board/view/?id=japanidolgirls&no=169777,C:/Users/WINDOWS 11/Desktop/kpop_agenda/Step2/DCInside/Articles\마이카-20251229-0955-1.txt
마이카,2025.12.29 09:58,다시 아기천사 붐이 부는건가,https://gall.dcinside.com/mgallery/board/view/?id=japanidolgirls&no=169780,C:/Users/WINDOWS 11/Desktop/kpop_agenda/Step2/DCInside/Articles\마이카-20251229-0958-1.txt
마이카,2025.12.29 10:02,내가마이카얘는 위험하다고 생각했던 순간,https://gall.dcinside.com/mgallery/board/view/?id=japanidolgirls&no=169783,C:/Users/WINDOWS 11/Desktop/kpop_agenda/Step2/DCInside/Articles\마이카-20251229-1002-1.txt
마이카,2025.12.29 10:04,문춘 예고 떴을때 다들 아니길 바란게마이카아닌가,https://gall.dcinside.com/mgallery/board/view/?id=japanidolgirls&no=169784,C:/Users/WINDOWS 11/Desktop/kpop_agenda/Step2/DCInside/Articles\마이카-20251229-1004-1.txt
마이카,2025.12.29 10:05,마이카대타 찾았다,https://gall.dcinside.com/board/view/?id=japan_entertainment&no=5817484,C:/Users/WINDOWS 11/Desktop/kpop_agenda/Step2/DCInside/Articles\마이카-20251229-1005-1.txt
마이카,2025.12.29 10:07,"점 미신이라 생각하는데마이카,MC몽보면",https://gall.dcinside.com/mgallery/board/view/?id=japanidolgirls&no=169785,C:/Users/WINDOWS 11/Desktop/kpop_agenda/Step2/DCInside/Articles\마이카-20251229-1007-1.txt
마이카,2025.12.29 10:09,마이카랑 동거할정도묘는 개존잘이케맨능력남인거 아니양,https://gall.dcinside.com/mgallery/board/view/?id=japanidolgirls&no=169786,C:/Users/WINDOWS 11/Desktop/kpop_agenda/Step2/DCInside/Articles\마이카-20251229-1009-1.txt
마이카,2025.12.29 10:12,나도마이카같은 4살 연상 누나랑 사귀고 싶네...,https://gall.dcinside.com/board/view/?id=japan_entertainment&no=5817486,C:/Users/WINDOWS 11/Desktop/kpop_agenda/Step2/DCInside/Articles\마이카-20251229-1012-1.txt
마이카,2025.12.29 10:13,마이카찐임??,https://gall.dcinside.com/mgallery/board/view/?id=japanidolgirls&no=169789,C:/Users/WINDOWS 11/Desktop/kpop_agenda/Step2/DCInside/Articles\마이카-20251229-1013-1.txt
마이카,2025.12.29 10:26,내세상이 무너졌다,https://gall.dcinside.com/mgallery/board/view/?id=idolism&no=1144850,C:/Users/WINDOWS 11/Desktop/kpop_agenda/Step2/DCInside/Articles\마이카-20251229-1026-1.txt
마이카,2025.12.29 10:28,마이카크리봇치,https://gall.dcinside.com/mgallery/board/view/?id=japanidolgirls&no=169802,C:/Users/WINDOWS 11/Desktop/kpop_agenda/Step2/DCInside/Articles\마이카-20251229-1028-1.txt
마이카,2025.12.29 10:28,이꼬라부 사건 터짐,https://gall.dcinside.com/mgallery/board/view/?id=chzzk&no=9385096,C:/Users/WINDOWS 11/Desktop/kpop_agenda/Step2/DCInside/Articles\마이카-20251229-1028-2.txt
마이카,2025.12.29 10:33,자고잇는데 집본다고 문열길래 깜짝놀랏네,https://gall.dcinside.com/board/view/?id=japan_entertainment&no=5817491,C:/Users/WINDOWS 11/Desktop/kpop_agenda/Step2/DCInside/Articles\마이카-20251229-1033-1.txt
마이카,2025.12.29 10:37,이꼬라부마이카솔직히,https://gall.dcinside.com/mgallery/board/view/?id=japanidolgirls&no=169809,C:/Users/WINDOWS 11/Desktop/kpop_agenda/Step2/DCInside/Articles\마이카-20251229-1037-1.txt
마이카,2025.12.29 10:44,마이카가 그룹내 어느정도 인기야?,https://gall.dcinside.com/mgallery/board/view/?id=japanidolgirls&no=169817,C:/Users/WINDOWS 11/Desktop/kpop_agenda/Step2/DCInside/Articles\마이카-20251229-1044-1.txt
마이카,2025.12.29 10:47,삿시야 이코럽+노이미 에이스 모아서 유닛 ㄱㄱ,https://gall.dcinside.com/mgallery/board/view/?id=japanidolgirls&no=169819,C:/Users/WINDOWS 11/Desktop/kpop_agenda/Step2/DCInside/Articles\마이카-20251229-1047-1.txt
마이카,2025.12.29 10:54,자숙시킬려나,https://gall.dcinside.com/mgallery/board/view/?id=japanidolgirls&no=169828,C:/Users/WINDOWS 11/Desktop/kpop_agenda/Step2/DCInside/Articles\마이카-20251229-1054-1.txt
마이카,2025.12.29 10:55,마이카인스타보는데 이상한점,https://gall.dcinside.com/mgallery/board/view/?id=japanidolgirls&no=169829,C:/Users/WINDOWS 11/Desktop/kpop_agenda/Step2/DCInside/Articles\마이카-20251229-1055-1.txt
마이카,2025.12.29 10:57,이꼬라부마이카'시즈쿠' 했네,https://gall.dcinside.com/mgallery/board/view/?id=produce101japans3&no=200176,C:/Users/WINDOWS 11/Desktop/kpop_agenda/Step2/DCInside/Articles\마이카-20251229-1057-1.txt
마이카,2025.12.29 11:03,그래도마이카연애의 의외인점,https://gall.dcinside.com/mgallery/board/view/?id=japanidolgirls&no=169842,C:/Users/WINDOWS 11/Desktop/kpop_agenda/Step2/DCInside/Articles\마이카-20251229-1103-1.txt
마이카,2025.12.29 11:04,마이카는 업보가 너무 많아서 회복 못할거임,https://gall.dcinside.com/mgallery/board/view/?id=japanidolgirls&no=169843,C:/Users/WINDOWS 11/Desktop/kpop_agenda/Step2/DCInside/Articles\마이카-20251229-1104-1.txt
마이카,2025.12.29 11:04,마이카가 노기로치면 백둘기급 입지임?,https://gall.dcinside.com/board/view/?id=japan_entertainment&no=5817494,C:/Users/WINDOWS 11/Desktop/kpop_agenda/Step2/DCInside/Articles\마이카-20251229-1104-2.txt
마이카,2025.12.29 11:06,마이카남자친구사진,https://gall.dcinside.com/mgallery/board/view/?id=japanidolgirls&no=169845,C:/Users/WINDOWS 11/Desktop/kpop_agenda/Step2/DCInside/Articles\마이카-20251229-1106-1.txt
마이카,2025.12.29 11:09,마이카씨 걱정마세요,https://gall.dcinside.com/mgallery/board/view/?id=japanidolgirls&no=169847,C:/Users/WINDOWS 11/Desktop/kpop_agenda/Step2/DCInside/Articles\마이카-20251229-1109-1.txt
마이카,2025.12.29 11:14,사실 나기사 고인물 팬들이 제일 뿔나지 않았을까,https://gall.dcinside.com/mgallery/board/view/?id=japanidolgirls&no=169854,C:/Users/WINDOWS 11/Desktop/kpop_agenda/Step2/DCInside/Articles\마이카-20251229-1114-1.txt
마이카,2025.12.29 11:14,잘 모르지먼마이카가 업보가 많나보네,https://gall.dcinside.com/mgallery/board/view/?id=japanidolgirls&no=169855,C:/Users/WINDOWS 11/Desktop/kpop_agenda/Step2/DCInside/Articles\마이카-20251229-1114-2.txt
마이카,2025.12.29 11:16,"근데 삿시도 라이더,마이카도 라이더는 웃기네",https://gall.dcinside.com/mgallery/board/view/?id=japanidolgirls&no=169856,C:/Users/WINDOWS 11/Desktop/kpop_agenda/Step2/DCInside/Articles\마이카-20251229-1116-1.txt
마이카,2025.12.29 11:17,마이카가 쇼룸에서 틱틱댔단건 뭐임,https://gall.dcinside.com/mgallery/board/view/?id=japanidolgirls&no=169858,C:/Users/WINDOWS 11/Desktop/kpop_agenda/Step2/DCInside/Articles\마이카-20251229-1117-1.txt
마이카,2025.12.29 11:17,마이카자체가 적이 많나?,https://gall.dcinside.com/mgallery/board/view/?id=japanidolgirls&no=169859,C:/Users/WINDOWS 11/Desktop/kpop_agenda/Step2/DCInside/Articles\마이카-20251229-1117-2.txt
마이카,2025.12.29 11:18,이토모모마이카언팔,https://gall.dcinside.com/mgallery/board/view/?id=japanidolgirls&no=169860,C:/Users/WINDOWS 11/Desktop/kpop_agenda/Step2/DCInside/Articles\마이카-20251229-1118-1.txt
마이카,2025.12.29 11:19,근데 곡 하나 봉인이 아닐탠데,https://gall.dcinside.com/mgallery/board/view/?id=japanidolgirls&no=169861,C:/Users/WINDOWS 11/Desktop/kpop_agenda/Step2/DCInside/Articles\마이카-20251229-1119-1.txt
마이카,2025.12.29 11:20,양민애들 비처녀마이카손절중이노,https://gall.dcinside.com/mgallery/board/view/?id=japanidolgirls&no=169862,C:/Users/WINDOWS 11/Desktop/kpop_agenda/Step2/DCInside/Articles\마이카-20251229-1120-1.txt
마이카,2025.12.29 11:21,안나가 요즘마이카집 엄청 깨끗해졌다고,https://gall.dcinside.com/mgallery/board/view/?id=japanidolgirls&no=169863,C:/Users/WINDOWS 11/Desktop/kpop_agenda/Step2/DCInside/Articles\마이카-20251229-1121-1.txt
마이카,2025.12.29 11:22,파루땅마이카언팔?,https://gall.dcinside.com/mgallery/board/view/?id=japanidolgirls&no=169864,C:/Users/WINDOWS 11/Desktop/kpop_agenda/Step2/DCInside/Articles\마이카-20251229-1122-1.txt
마이카,2025.12.29 11:25,마이카소식듣고 허겁지겁 입갤,https://gall.dcinside.com/board/view/?id=akb48&no=6089131,C:/Users/WINDOWS 11/Desktop/kpop_agenda/Step2/DCInside/Articles\마이카-20251229-1125-1.txt
마이카,2025.12.29 11:25,마이카가 강아지를 키웠다고?,https://gall.dcinside.com/mgallery/board/view/?id=japanidolgirls&no=169868,C:/Users/WINDOWS 11/Desktop/kpop_agenda/Step2/DCInside/Articles\마이카-20251229-1125-2.txt
마이카,2025.12.29 11:26,어쩔수없다. 그룹의 존속을 위해 밀고가자,https://gall.dcinside.com/mgallery/board/view/?id=japanidolgirls&no=169869,C:/Users/WINDOWS 11/Desktop/kpop_agenda/Step2/DCInside/Articles\마이카-20251229-1126-1.txt
마이카,2025.12.29 11:26,빨리마이카언팔해라 히나야 ㅡㅡ,https://gall.dcinside.com/mgallery/board/view/?id=japanidolgirls&no=169870,C:/Users/WINDOWS 11/Desktop/kpop_agenda/Step2/DCInside/Articles\마이카-20251229-1126-2.txt
마이카,2025.12.29 11:31,노래마다마이카파트도 존나 많아요,https://gall.dcinside.com/mgallery/board/view/?id=japanidolgirls&no=169877,C:/Users/WINDOWS 11/Desktop/kpop_agenda/Step2/DCInside/Articles\마이카-20251229-1131-1.txt
마이카,2025.12.29 11:31,나도마이카랑 사귀고싶다,https://gall.dcinside.com/mgallery/board/view/?id=japanidolgirls&no=169878,C:/Users/WINDOWS 11/Desktop/kpop_agenda/Step2/DCInside/Articles\마이카-20251229-1131-2.txt
마이카,2025.12.29 11:32,마이카남자초대해서 뭐했냐,https://gall.dcinside.com/mgallery/board/view/?id=japanidolgirls&no=169880,C:/Users/WINDOWS 11/Desktop/kpop_agenda/Step2/DCInside/Articles\마이카-20251229-1132-1.txt
마이카,2025.12.29 11:33,마이카처녀막 부서진거야..?!!,https://gall.dcinside.com/board/view/?id=japan_entertainment&no=5817499,C:/Users/WINDOWS 11/Desktop/kpop_agenda/Step2/DCInside/Articles\마이카-20251229-1133-1.txt
마이카,2025.12.29 11:34,지인 진짜 쯔나가리 픽 ㄹㅈㄷ네,https://gall.dcinside.com/mgallery/board/view/?id=japanidolgirls&no=169881,C:/Users/WINDOWS 11/Desktop/kpop_agenda/Step2/DCInside/Articles\마이카-20251229-1134-1.txt
마이카,2025.12.29 11:34,이쯤에서 미레이와 삿시는 무슨 관계인지 궁금하다,https://gall.dcinside.com/mgallery/board/view/?id=japanidolgirls&no=169882,C:/Users/WINDOWS 11/Desktop/kpop_agenda/Step2/DCInside/Articles\마이카-20251229-1134-2.txt
마이카,2025.12.29 11:35,이제마이카그만하고 이츠요루합시다.,https://gall.dcinside.com/mgallery/board/view/?id=japanidolgirls&no=169885,C:/Users/WINDOWS 11/Desktop/kpop_agenda/Step2/DCInside/Articles\마이카-20251229-1135-1.txt
마이카,2025.12.29 11:37,마이카중고차...,https://gall.dcinside.com/mgallery/board/view/?id=japanidolgirls&no=169887,C:/Users/WINDOWS 11/Desktop/kpop_agenda/Step2/DCInside/Articles\마이카-20251229-1137-1.txt
마이카,2025.12.29 11:40,근데 사실마이카라 별 생각없음,https://gall.dcinside.com/mgallery/board/view/?id=japanidolgirls&no=169892,C:/Users/WINDOWS 11/Desktop/kpop_agenda/Step2/DCInside/Articles\마이카-20251229-1140-1.txt
마이카,2025.12.29 11:44,아니 시발 이코러브마이카이뻐서 호감이엇는데,https://gall.dcinside.com/mgallery/board/view/?id=japanidolgirls&no=169894,C:/Users/WINDOWS 11/Desktop/kpop_agenda/Step2/DCInside/Articles\마이카-20251229-1144-1.txt
마이카,2025.12.29 11:45,환아 임마 넌 탈덕한지 오래됐으면서마이카떡치기라니,https://gall.dcinside.com/mgallery/board/view/?id=asiaenter&no=991465,C:/Users/WINDOWS 11/Desktop/kpop_agenda/Step2/DCInside/Articles\마이카-20251229-1145-1.txt
마이카,2025.12.29 11:47,념글 점쟁이 전에마이카이오리만 따로 점본거 있음,https://gall.dcinside.com/mgallery/board/view/?id=japanidolgirls&no=169899,C:/Users/WINDOWS 11/Desktop/kpop_agenda/Step2/DCInside/Articles\마이카-20251229-1147-1.txt
마이카,2025.12.29 11:50,마이카관련해서 타격 큰게,https://gall.dcinside.com/mgallery/board/view/?id=japanidolgirls&no=169902,C:/Users/WINDOWS 11/Desktop/kpop_agenda/Step2/DCInside/Articles\마이카-20251229-1150-1.txt
마이카,2025.12.29 11:54,이오리였으면 이오리 여팬 다 떠났으려나,https://gall.dcinside.com/mgallery/board/view/?id=japanidolgirls&no=169905,C:/Users/WINDOWS 11/Desktop/kpop_agenda/Step2/DCInside/Articles\마이카-20251229-1154-1.txt
마이카,2025.12.29 11:57,마이카열애설은,https://gall.dcinside.com/mgallery/board/view/?id=japanidolgirls&no=169907,C:/Users/WINDOWS 11/Desktop/kpop_agenda/Step2/DCInside/Articles\마이카-20251229-1157-1.txt
마이카,2025.12.29 12:02,근데 남자 21살인데 집에 돈 많나?,https://gall.dcinside.com/mgallery/board/view/?id=japanidolgirls&no=169911,C:/Users/WINDOWS 11/Desktop/kpop_agenda/Step2/DCInside/Articles\마이카-20251229-1202-1.txt
마이카,2025.12.29 12:17,마이카씨의 2026 첫 현질,https://gall.dcinside.com/mgallery/board/view/?id=efb&no=372588,C:/Users/WINDOWS 11/Desktop/kpop_agenda/Step2/DCInside/Articles\마이카-20251229-1217-1.txt
마이카,2025.12.29 12:18,마이카라인 요즘 다 빡세긴하네,https://gall.dcinside.com/mgallery/board/view/?id=japanidolgirls&no=169922,C:/Users/WINDOWS 11/Desktop/kpop_agenda/Step2/DCInside/Articles\마이카-20251229-1218-1.txt
마이카,2025.12.29 12:23,마이카한테 말함부러하지마라,https://gall.dcinside.com/mgallery/board/view/?id=japanidolgirls&no=169924,C:/Users/WINDOWS 11/Desktop/kpop_agenda/Step2/DCInside/Articles\마이카-20251229-1223-1.txt
마이카,2025.12.29 12:30,안니ㅜ대체 막되는게 아니라이코러브 노래를 들어보라고,https://gall.dcinside.com/mgallery/board/view/?id=japanidolgirls&no=169926,C:/Users/WINDOWS 11/Desktop/kpop_agenda/Step2/DCInside/Articles\마이카-20251229-1230-1.txt
마이카,2025.12.29 12:32,마이카보다 더 이쁜애들어오면 좋겠네,https://gall.dcinside.com/mgallery/board/view/?id=japanidolgirls&no=169930,C:/Users/WINDOWS 11/Desktop/kpop_agenda/Step2/DCInside/Articles\마이카-20251229-1232-1.txt
마이카,2025.12.29 12:33,여기 갤러들은 삿시가마이카안 버리고 계속 끌고가면,https://gall.dcinside.com/mgallery/board/view/?id=japanidolgirls&no=169931,C:/Users/WINDOWS 11/Desktop/kpop_agenda/Step2/DCInside/Articles\마이카-20251229-1233-1.txt
마이카,2025.12.29 12:43,갑자기 점쳐봐도 될까요? 이꼴럽마이카,https://gall.dcinside.com/board/view/?id=akb48&no=6089169,C:/Users/WINDOWS 11/Desktop/kpop_agenda/Step2/DCInside/Articles\마이카-20251229-1243-1.txt
마이카,2025.12.29 12:54,일이손에잡히지않는다...,https://gall.dcinside.com/mgallery/board/view/?id=japanidolgirls&no=169948,C:/Users/WINDOWS 11/Desktop/kpop_agenda/Step2/DCInside/Articles\마이카-20251229-1254-1.txt
마이카,2025.12.29 13:00,당장 내일 이코러브 레코대인데,https://gall.dcinside.com/mgallery/board/view/?id=japanidolgirls&no=169951,C:/Users/WINDOWS 11/Desktop/kpop_agenda/Step2/DCInside/Articles\마이카-20251229-1300-1.txt
마이카,2025.12.29 13:01,미즈키마이카이렇게 생긴 애들이 표독하긴 해,https://gall.dcinside.com/board/view/?id=japan_entertainment&no=5817515,C:/Users/WINDOWS 11/Desktop/kpop_agenda/Step2/DCInside/Articles\마이카-20251229-1301-1.txt
마이카,2025.12.29 13:03,마이카인기 많긴하나보네,https://gall.dcinside.com/mgallery/board/view/?id=asiaenter&no=991481,C:/Users/WINDOWS 11/Desktop/kpop_agenda/Step2/DCInside/Articles\마이카-20251229-1303-1.txt
마이카,2025.12.29 13:05,사사키마이카소원성취에 한걸음,https://gall.dcinside.com/mgallery/board/view/?id=japanidolgirls&no=169954,C:/Users/WINDOWS 11/Desktop/kpop_agenda/Step2/DCInside/Articles\마이카-20251229-1305-1.txt
마이카,2025.12.29 13:07,마이카오덕들 이런거 올리네.,https://gall.dcinside.com/board/view/?id=akb48&no=6089176,C:/Users/WINDOWS 11/Desktop/kpop_agenda/Step2/DCInside/Articles\마이카-20251229-1307-1.txt
마이카,2025.12.29 13:16,아 지금 일어나서 재밌는거 다 놓쳤네,https://gall.dcinside.com/mgallery/board/view/?id=japanidolgirls&no=169955,C:/Users/WINDOWS 11/Desktop/kpop_agenda/Step2/DCInside/Articles\마이카-20251229-1316-1.txt
