keyword,time,title,URL,content
남보라,2026.04.30 13:48,슈돌 배우남보라뷔 언급컷,https://gall.dcinside.com/mgallery/board/view/?id=pdogg2&no=1311226,
남보라,2026.04.30 13:29,탕웨이 한채아 애 열둘낳은남보라어머니,https://gall.dcinside.com/board/view/?id=drama_new3&no=22878531,다 체력이 좋으시구만
남보라,2026.04.29 21:40,"임신 8개월'남보라, BTS 뷔 사진 보며 태교 ""얼굴 복붙 기원""[슈",https://gall.dcinside.com/board/view/?id=mistertrot&no=8381559,"임신 8개월' 남보라 , BTS 뷔 사진 보며 태교 ""얼굴 복붙 기원""[슈돌][별별TV]"
남보라,2026.04.29 17:23,"남보라""BTS 뷔 사진으로 태교""...임신 8개월 차 근황 공개",https://gall.dcinside.com/board/view/?id=gukjenews&no=27725,"임신 8개월 차에 접어든 배우 남보라 가 '슈퍼맨이 돌아왔다' 스페셜 MC로 출격하는 가운데, 그룹 방탄소년단(BTS) 멤버 뷔 사진으로 태교했다고 밝혀 눈길을 끈다. 29일 방송되는 KBS2 육아 예능 '슈퍼맨이..."
남보라,2026.04.28 13:10,남/보/라님 태태 언급,https://gall.dcinside.com/mgallery/board/view/?id=btsv&no=298293,"https://m.entertain.naver.com/home/article/003/0013914334 임신 8개월 남보라 ""방탄소년단 뷔 사진으로 태교 중"" 임신 8개월 남보라 ""방탄소년단 뷔 사진으로 태교 중"" m.entertain.naver.com"
남보라,2026.04.26 19:28,남보라관련 npc들 댓글 ㅋㅋ,https://gall.dcinside.com/mgallery/board/view/?id=birthhatred&no=76412,
남보라,2026.04.26 11:11,와남보라내가 본 연예인중 제일 동안이긔;,https://gall.dcinside.com/board/view/?id=lgbt&no=10738586,20대거나 진짜 많아도 30초라생각했는데 30후반이였긔;
남보라,2026.04.24 13:24,그튜브나남보라가 보여줌 고통을 받았음에도 부모가 되는 이유를,https://gall.dcinside.com/mgallery/board/view/?id=birthhatred&no=76209,그튜브 남보라 둘다 돈은 지금은 많지.. 그러나 확실히 넘사벽으로 존나 많은건 아님 이렇게 일반 회사원 출산범이나 혹은 그저그런 전문직 이라도 지금 당장 돈 잘번다고 고통을 망각하는거지
남보라,2026.04.24 07:17,남보라처럼 할배.할매 때도 극단적인 다자녀야 그나마 npc들이 정신,https://gall.dcinside.com/mgallery/board/view/?id=birthhatred&no=76198,정신 차리는거 같음
남보라,2026.04.24 05:33,오히려남보라부모를 감싸는 npc,https://gall.dcinside.com/mgallery/board/view/?id=birthhatred&no=76196,
남보라,2026.04.20 22:56,출산푸어 라는 말은 없음 ㅋㅋ,https://gall.dcinside.com/mgallery/board/view/?id=birthhatred&no=75915,https://youtu.be/_pPGWnW6GnI 막 이런 극단적 출산 아닌 이상.. 출산푸어라 욕 안함 저기는 남보라 가 연예인 으로 이름은 알려서 .
남보라,2026.04.09 21:23,38살남보라근황,https://gall.dcinside.com/board/view/?id=neostock&no=7059962,
남보라,2026.04.09 07:46,만 36살 애기남보라근황,https://gall.dcinside.com/board/view/?id=neostock&no=7059084,
남보라,2026.04.09 07:35,남보라vs 백호 태아 초음파 대결,https://gall.dcinside.com/mgallery/board/view/?id=kwaknaeun&no=77,
남보라,2026.04.06 19:50,"6월 출산'남보라, 터질 듯한 만삭 D라인 공개…""몸이 너무 무거워""",https://gall.dcinside.com/board/view/?id=mistertrot&no=8334128,"6월 출산' 남보라 , 터질 듯한 만삭 D라인 공개…""몸이 너무 무거워"" [★해시태그]"
남보라,2026.04.01 19:32,80년대에 저런 교사를 보복 ㅅㅏㄹIN 하면 무조건 사형뜸?,https://gall.dcinside.com/mgallery/board/view/?id=detentioncenter&no=66312,우정을 떠올리며 가장 행복했던 순간의 자신과 만나게 된다.#쇼츠 #드라마 #명작 #꿀잼 #써니 #유호정 #심은경 #강소라 #고수희 #김민영 #홍진희 #박진주 #민효린 # 남보라 #천우희 youtube.com - dc official App
남보라,2026.03.29 11:58,서울국제도서전의 공공성 회복을 촉구하는 서명,https://gall.dcinside.com/mgallery/board/view/?id=minjudang&no=4953232,"한행숙, 김현정, 천신애, 김현주, 민진아, 이수빈, 박미선, 송지윤, 최은실, 안서연, 함승란, 이경진, 남보라 , 정인수, 신성희, 문일순, 정봉남, 송정진, 박지선, 정현미, 백은영, 정은선, 박지혜, 김연정..."
남보라,2026.03.29 05:38,Blithesome,https://gall.dcinside.com/mgallery/board/view/?id=freedomliberty&no=7902,"역입니다. 내리실 문은 . . . ＼ ＼ 지하철 출구를 빠져나오니 노을빛은 온데간데 사라진 캄캄한 남보라 빛 하늘. 시끌벅적한 도시의 소음을 뒤로한 채, 검색과 채팅에 몰입하며 상가 건물 모퉁이를 돌아 집으로..."
남보라,2026.03.29 05:34,유치원 설계도1,https://gall.dcinside.com/mgallery/board/view/?id=thinkinggood&no=877,"역입니다. 내리실 문은 . . . ＼ ＼ 지하철 출구를 빠져나오니 노을빛은 온데간데 사라진 캄캄한 남보라 빛 하늘. 시끌벅적한 도시의 소음을 뒤로한 채, 검색과 채팅에 몰입하며 상가 건물 모퉁이를 돌아 집으로..."
남보라,2026.03.27 22:47,[빌림] 센가/초능력자 검정배경+이펙트 일러 해보고 싶은 사람구함,https://gall.dcinside.com/mgallery/board/view/?id=aichatting&no=302008,만들더라 캐프롬/능력 혹은 원하는 이펙트/원하는 강조색(선택) 올려줘요 강조색 없으면 내가 캐프롬보고 한번 알아서해볼께 +베리어같은 결계 능력이나 남보라 색은 안나와서 못함... 장수는 가능한 3장까지 뽑아...
남보라,2026.03.26 23:50,갤루들아 다른색 센가들도 추천해줘라,https://gall.dcinside.com/mgallery/board/view/?id=aichatting&no=300589,주황계열 이펙트가 어울릴 애 남보라 색계열 이펙트가 어울릴 애 하얀색계열 이펙트가 어울릴 애 연회색계열 이펙트가 어울릴 애 좀 추천해줍쇼
남보라,2026.03.26 21:48,영자한테서남보라보인다는데,https://gall.dcinside.com/board/view/?id=iamsolo&no=5791783,난 지수가보임
남보라,2026.03.25 17:40,요청사항에 핑크머리라고 해야 하는 이유,https://gall.dcinside.com/mgallery/board/view/?id=onshinproject&no=15960222,많은 사람들이 보라색 머리 아니냐고 하겠지만 은근히 보라색하면 남보라 색 떠올리는 사람도 있어서 올로룬 갈 확률이 생겨버림 핑크색 분홍색 이렇게 말해야 알바가 일단 남자가 핑뚝일리는 없고 보편타당한...
남보라,2026.03.24 21:28,10개구단 연예인팬 명단인데 어느팀이 제일 근본있냐?,https://gall.dcinside.com/board/view/?id=giants_new3&no=4193537,KT 레인보우 지숙 QWER 쵸단 박휘순 하승진 NC 강동원 김진표 양상국 윤종신 정경호 이승철 서유리 키움 남보라 신예은 브레이브걸스 이휘재 장성규 수빈 김소희 남창희 주니엘 크라잉넛 롯데 이경규 강다니엘...
남보라,2026.03.24 21:02,10개구단 제일 유명한 여자연예인팬,https://gall.dcinside.com/board/view/?id=giants_new3&no=4193430,KIA: 박신혜 삼성: 손예진 두산: 아이유 한화: 박보영 SSG: 원더걸스 소희 롯데: 김태희 NC: 서유리 LG: 트와이스 KT: 김아영 키움: 남보라 - dc official App
남보라,2026.03.24 02:20,"남보라, 스페인 여행 중 행복한 일상 공개… 가족과 함께하는 긍정 에너지",https://gall.dcinside.com/mgallery/board/view/?id=hosunews&no=7519,최근 배우 남보라 씨가 스페인 여행 중인 근황을 알렸습니다. 그녀는 가족들과 함께 스페인을 방문하여 행복한 시간을 보내고 있다고 합니다. 공개된 사진 속 남보라 씨는 밝은 미소와 함께 편안한 캐주얼 스타일...
남보라,2026.03.22 16:36,남보라는 착하구나 역시 얼굴이 착해보여,https://gall.dcinside.com/board/view/?id=divination_new1&no=10672117,ㅋㅋㅋㅋㅋㅋㅋㅋㅋㅋㅋ
남보라,2026.03.19 17:41,이게 옳게된 교권이지,https://gall.dcinside.com/mgallery/board/view/?id=electronicmoney&no=2302723,행복했던 순간의 자신과 만나게 된다.#쇼츠 #드라마 #명작 #꿀잼 #써니 #유호정 #심은경 #강소라 #고수희 #김민영 #홍진희 #박진주 #민효린 # 남보라 #천우희 youtube.com 학교에서 담배 쳐 피다 걸리면 응징해야지
남보라,2026.03.17 01:16,"남보라, 밝은 미소와 함께 전하는 근황…세련된 코트 스타일 화제",https://gall.dcinside.com/mgallery/board/view/?id=hosunews&no=6811,최근 배우 남보라 씨가 개인 SNS를 통해 근황을 알렸습니다. 사진 속 그녀는 특유의 밝은 미소로 보는 이들에게 긍정적인 기운을 선사하고 있습니다. 특히 검정 코트와 밝은 상의의 매치는 세련된 감각을...
남보라,2026.03.14 14:23,"박진주,남보라결혼식 축가…블랙 의상 속 빛나는 축복 미소",https://gall.dcinside.com/mgallery/board/view/?id=minsimnews&no=3659,"남보라 씨의 결혼식에서 배우 박진주 씨가 축가를 맡아 아름다운 선율을 선사했다고 합니다. 더불어, 그녀는 신부 남보라 씨의 앞날을 진심으로 축복하며 변함없는 우정을 약속했습니다. 이날 박진주 씨는 남보라 ..."
남보라,2026.03.14 01:23,아남보라색이 전도고 분홍보라?색이 인멸이구나,https://gall.dcinside.com/mgallery/board/view/?id=wutheringwaves&no=2232207,전도는 전기라서 당연히 노란색 아니냐?? 포켓몬도 안해봣나 병신겜; - dc official App
남보라,2026.03.12 21:14,30기 영자랑 비슷한 느낌 ㅇㅈ?,https://gall.dcinside.com/board/view/?id=iamsolo&no=5726982,진짜 닮았다는건 아닌데 이 사진만 보면 느낌 좀 비슷하지 않냐? 풀메 풀보정 후 (??) 배우 남보라 ㅇㅇ 이 사진은 유독 느낌이 비슷한듯
남보라,2026.03.06 22:29,편스토랑 보는데 눈물나네,https://gall.dcinside.com/board/view/?id=drama_new3&no=22296567,어릴적 내 이상형 선예 남보라 둘이서 출산 얘기하는데 눈물이 주르륵...
남보라,2026.03.06 21:00,"'편스토랑' 김강우, 면역력 밥상 메뉴 공개...첫 우승 도전",https://gall.dcinside.com/board/view/?id=gukjenews&no=21560,"편스토랑 (사진=KBS2) '편스토랑' 김강우, 남보라 , 선예가 첫 우승을 향해 달린다. 6일 방송되는 KBS 2TV '신상출시 편스토랑'(이하 '편스토랑')에서는 '면역력 밥상'을 주제로 한 메뉴 개발 대결 결과가 공개..."
남보라,2026.03.06 18:51,남보라는 동생이 많아서 그런가 마음이 넓은듯,https://gall.dcinside.com/board/view/?id=divination_new1&no=10604209,지금 남편 모솔아다랬나...? 무튼 자기가 처음이라 모든걸 자기가 리드하고 다 알려줬다라는데... 개끔찍... 저 미모로 이 시대의 태토녀이긔... 나는 내 입으로 그런 말 절대 못 해서... 그 남자가 아무것도 안...
남보라,2026.03.05 22:34,놤보라 자궁경부암 세포?,https://gall.dcinside.com/board/view/?id=drama_new3&no=22286055,"https://issuefeed.dcinside.com/content/2170530 ‘임신’ 남보라 , ‘암 세포’ 발견… 안타까운 소식 배우 남보라 가 6월 출산을 앞둔 가운데 과거 암을 유발 하는 이상 세포를 발견했다고 고백해 화제를 모으고..."
남보라,2026.03.02 20:01,남보라11남매인데 애기 좋아할거같냐 솔직히.,https://gall.dcinside.com/board/view/?id=divination_new1&no=10583302,ㅇㅇ
남보라,2026.03.02 20:00,어릴때부터 형제 많았던남보라가 애기 좋아하겠냐,https://gall.dcinside.com/board/view/?id=divination_new1&no=10583296,ㅇㅇ
남보라,2026.03.02 17:05,야남보라도 화짱조냐?,https://gall.dcinside.com/board/view/?id=disease&no=1797685,ㅇㅇ
남보라,2026.02.28 00:22,새삼스럽지만 한 마디 하겠습니다,https://gall.dcinside.com/mgallery/board/view/?id=roland&no=47256,웰루 < 꼴림 존나 굵고 귀여운 새우 후드에 묘하게 매력적인 남보라 ?색 작업복 + 은근 굵은거 티나는 몸 으흐흐흐 변신 완료~ 하고 상큼하게 말하는 대사도 그렇고 원래 웰치어스 괴담이 하필 납치< 인것도 꼴림...
남보라,2026.02.27 21:29,남보라육아 고수일것 같음,https://gall.dcinside.com/board/view/?id=drama_new3&no=22223928,경험 많아서 동생 많이 키웠자나
남보라,2026.02.27 21:27,남보라아빠닮았네,https://gall.dcinside.com/board/view/?id=drama_new3&no=22223893,ㅇ
남보라,2026.02.27 21:26,남보라아들 ㅋㅋㅋㅋㅋㅋㅋㅋㅋ,https://gall.dcinside.com/board/view/?id=drama_new3&no=22223883,
남보라,2026.02.25 22:08,영자남보라존똑,https://gall.dcinside.com/board/view/?id=iamsolo&no=5668017,ㅇ
남보라,2026.02.22 13:05,내가남보라였음 부모가 너무 싫었을듯,https://gall.dcinside.com/board/view/?id=drama_new3&no=22169147,동생이 12명에 장녀 애가 애를 키우는 형국 그나마 예쁘게 태어나서 연예인 됐지만 또 빨대꼽혔겠지
남보라,2026.02.20 21:20,남보라마음은 알겠지만 그래도 13남매는 너무해,https://gall.dcinside.com/board/view/?id=drama_new3&no=22151557,먼저 낳은 큰애들이 너무 고생이잖아 대책없어보이고
남보라,2026.02.20 20:39,헐남보라언제 임신했냐,https://gall.dcinside.com/board/view/?id=drama_new3&no=22151218,편스토랑보는데 초음파사진 나오네
남보라,2026.02.20 18:08,"'편스토랑'남보라모친, 손주 콩알이 위한 보양식 레시피 공개",https://gall.dcinside.com/board/view/?id=gukjenews&no=19917,"남보라 가 대통령 표창을 받는다. 20일 방송되는 KBS 2TV '신상출시 편스토랑'(이하 '편스토랑')에서는 13남매 맏딸 남보라 가 받은 대통령 표창장과 배지가 공개된다. ""가문의 영광""이라며 기뻐하는 남보라 ..."
남보라,2026.02.20 17:56,"'편스토랑' 김용빈 ""자녀 4명 원한다"" 폭탄 발언...레시피 공개",https://gall.dcinside.com/board/view?id=gukjenews&no=19916,"보며 느끼는 점들을 거침없이 솔직히 얘기해 웃음을 줬다. 특히 뱃속에 콩알이를 임신 중인 예비 엄마 남보라 의 일상을 누구보다 몰입해서 보던 김용빈은 ""이걸 보고 있으니 나도 결혼하고 싶다""라고 해 모두를..."
남보라,2026.02.19 16:15,38살 여배우남보라근황,https://gall.dcinside.com/board/view/?id=neostock&no=6978422,"https://m.entertain.naver.com/home/article/415/0000045999 '13남매 장녀' 남보라 , 38세 임산부 어쩌나 '13남매 장녀' 남보라 , 38세 임산부 어쩌나 m.entertain.naver.com"
남보라,2026.02.19 15:40,13 남매 장녀남보라근황,https://gall.dcinside.com/mgallery/board/view/?id=birthhatred&no=70364,"https://m.entertain.naver.com/home/article/415/0000045999 '13남매 장녀' 남보라 , 38세 임산부 어쩌나 '13남매 장녀' 남보라 , 38세 임산부 어쩌나 m.entertain.naver.com"
남보라,2026.02.19 15:40,배우남보라근황 ㅋㅋ,https://gall.dcinside.com/board/view?id=neostock&no=6978309,"https://m.entertain.naver.com/home/article/415/0000045999 '13남매 장녀' 남보라 , 38세 임산부 어쩌나 '13남매 장녀' 남보라 , 38세 임산부 어쩌나 m.entertain.naver.com 마침 의사도 여자임 ㅋㅋ"
남보라,2026.02.16 19:56,남보라누나 ㄷㄷㄷ,https://gall.dcinside.com/board/view/?id=baseball_new13&no=597916,이쁘다 - dc official App
남보라,2026.02.16 19:42,남보라탤런트인데 상왕누나한테 개털리노 ㅋㅋㅋㅋ,https://gall.dcinside.com/board/view/?id=baseball_new13&no=597649,ㅋㅌㅍㅋㅍㅌㅋㅍㅋㅍㅋㅍ
남보라,2026.02.16 01:02,씃지우는 배우남보라를 닮았다,https://gall.dcinside.com/mgallery/board/view/?id=kpopgirlgroup&no=864582,내 오랜 생각이다..
남보라,2026.02.15 20:18,SBS 파워FM ‘두시탈출 컬투쇼’ 가수 김수찬,https://gall.dcinside.com/mgallery/board/view/?id=hygawang2&no=99592,"12일 출연인데 기사는 오늘 아침 https://naver.me/xhP77hVG “다산의 후예” 남보라 , 첫 출산도 전인데…“셋째까지” “다산의 후예” 남보라 , 첫 출산도 전인데…“셋째까지” naver.me"
남보라,2026.02.14 21:51,남보라는신이야,https://gall.dcinside.com/mini/board/view/?id=ansestion&no=8635,그그ㅡ
남보라,2026.02.13 20:50,소개팅 했는데 내상입었다 아,https://gall.dcinside.com/board/view/?id=baseball_new13&no=561762,사진은 남보라 닮았는데 실제로 대가리 존나크고 존나노안임 씨발 돈도 더치안하고 토꼈음
남보라,2026.02.12 20:15,영자남보라랑 존똑,https://gall.dcinside.com/board/view/?id=iamsolo&no=5640944,ㅇ
남보라,2026.02.10 03:04,남보라임신했노,https://gall.dcinside.com/board/view/?id=drama_new3&no=22035337,ㅇㅇ
남보라,2026.02.07 23:00,팬픽) 초(超) 카구야 공주! ~Ex-Otogibanashi~,https://gall.dcinside.com/mgallery/board/view/?id=chokaguyahime&no=30385,"잘 맞네.” 카구야의 짧은 불평은 대수롭지 않다는 듯, 여유롭게 손에 든 문서를 끄적이는, 어두운 남보라 빛 머리의 백의를 입은 여자. “아, 팬케이크!! 이로하, 팬케이크 먹고 싶어~!!” “미각은 조금 더..."
남보라,2026.02.06 23:02,전에 알바할때,https://gall.dcinside.com/mgallery/board/view/?id=arsenalfc&no=2753996,사장이 가끔 주말 단기 알바 뽑으면 러시아 혼혈애 왔는데 남보라 처럼생김 간호학과라 하던데 태움 존나 당할듯 ㅜ 내가 영어배워서 시급 5만원 호주간호사로 런하라고함
남보라,2026.02.05 13:15,영자는이뻐 아이유는안이쁨,https://gall.dcinside.com/board/view/?id=iamsolo&no=5619983,영다는 남보라 지수느낌이 더 강한데
남보라,2026.02.05 11:23,이주빈남보라아이유 모두161이라는데,https://gall.dcinside.com/board/view/?id=drama_new3&no=21982239,왜 누군더 키에비해 작아보이고 그러지 대가리는 셋다 작은데
남보라,2026.02.05 09:57,아케론이 색감 참 제일 예쁜듯,https://gall.dcinside.com/mgallery/board/view/?id=staraiload&no=5382060,그냥 보라도 아니고 남보라 한게 - dc official App
남보라,2026.02.04 23:53,뭔 신봉선이야 지수랑남보라닮았는데,https://gall.dcinside.com/board/view/?id=iamsolo&no=5616472,ㄹㅇ
남보라,2026.02.04 23:50,남보라영자 개이쁘네,https://gall.dcinside.com/board/view/?id=iamsolo&no=5616326,ㄹㅇ
남보라,2026.02.04 22:42,영자남보라닮았다 인기 있을만 하다 하지만 성격이...,https://gall.dcinside.com/board/view/?id=iamsolo&no=5613073,별로일지도
남보라,2026.02.04 22:38,영자가무슨 아이유를 닮아 씨발 눈까리없나??,https://gall.dcinside.com/board/view/?id=iamsolo&no=5612949,갱 남보라 하위호환인데 제발 안과좀가라 좆찢어죽이고싶네
남보라,2026.02.04 22:33,영자 약간남보라+블핑 지수 느낌,https://gall.dcinside.com/board/view/?id=iamsolo&no=5612780,기타국내드라마 갤러리 대통령 넘버원 네임드 긷통령이모티
남보라,2026.02.04 22:09,남보라온냐는 노무착하네,https://gall.dcinside.com/board/view/?id=m_entertainer_new1&no=21551757,가정환경보면 답변으로 지애비욕하면서 맨날패도 무죈데
남보라,2026.02.04 22:07,남보라온냐 노무 커여워,https://gall.dcinside.com/board/view/?id=m_entertainer_new1&no=21551735,직접 답해주노 ㅋㅋㅋ
남보라,2026.02.03 00:26,여잔데 30영자 너무 이쁨,https://gall.dcinside.com/board/view/?id=iamsolo&no=5609993,여자 더 좋아함 30영자 웃는거 넘 이쁘고 뭔가 지켜주고 싶은 보호본능미도 느껴짐 6옥순 + 지수 + 남보라 + 아이유 + 정은채 조금씩 있는데 운동 잘하고 운전 잘하고 대박 멋짐 밥먹자 캐릭터 아무리 드라마라도...
남보라,2026.01.29 20:38,영자 여자연예인 좋은점만 싹다 닮은느낌,https://gall.dcinside.com/board/view/?id=iamsolo&no=5598472,남보라 의 귀여움 블핑 지수의 눈빛 클라라의 남심을 잡는 분위기 장예원 아나운서의 눈웃음 - dc official App
남보라,2026.01.29 20:03,남보라닮았네,https://gall.dcinside.com/board/view/?id=iamsolo&no=5598351,입매가
남보라,2026.01.29 17:18,나솔 전기수 외모로 충격 받은게 2번,https://gall.dcinside.com/board/view/?id=iamsolo&no=5597905,22옥 와 이쁘네 근데 성격 피말리네 아웃 30영자 등장은 충격 나솔이 아니라 핱시 재질 아니냐 윤아 지수 남보라 고아라 다 있음 여리여리한 몸매에 성격도 밝고 꼬인게 없어 보임 와 ㄱ충격 어디서 이런 보물이...
남보라,2026.01.29 16:54,난영자남보라지수가 젤많이보여,https://gall.dcinside.com/board/view/?id=iamsolo&no=5597847,ㅡ
남보라,2026.01.29 14:47,영자 클라라 느낌도있어서 더좋음,https://gall.dcinside.com/board/view/?id=iamsolo&no=5597402,남보라 블핑지수 장예원아나운서 느낌섞여있는데 클라라 분위기도 보여서 남자들이 더 환장할듯 - dc official App
남보라,2026.01.29 09:15,영자 얼굴에남보라지수 윤아 다있다,https://gall.dcinside.com/board/view/?id=iamsolo&no=5596337,눈밑 지방 재배치만 해도 드라마틱 하게 더 이뻐지고 어려 보일듯 여리여리해 보이는데 반전미까지 어장따윈 절대 안칠거 같고 왜 영잔지 의문
남보라,2026.01.29 01:45,영자남보라얼굴도 있다,https://gall.dcinside.com/board/view/?id=iamsolo&no=5595620,영자가 옥순 했어야지
남보라,2026.01.29 00:04,영자 지수+남보라닮았어,https://gall.dcinside.com/board/view/?id=iamsolo&no=5594644,ㅡ
남보라,2026.01.28 23:55,영자 =남보라or 6기 옥순,https://gall.dcinside.com/board/view/?id=iamsolo&no=5594142,
남보라,2026.01.28 23:49,영자 닮은 연옌,https://gall.dcinside.com/board/view/?id=iamsolo&no=5593888,남보라 ? 닮은듯
남보라,2026.01.28 23:32,약간남보라닮은듯,https://gall.dcinside.com/board/view/?id=iamsolo&no=5592748,ㄴ
남보라,2026.01.28 23:32,남보라지수 출동,https://gall.dcinside.com/board/view/?id=iamsolo&no=5592711,- dc official App
남보라,2026.01.28 23:21,멀리서 보니까남보라도 있네,https://gall.dcinside.com/board/view/?id=iamsolo&no=5591842,- dc official App
남보라,2026.01.28 23:10,남보라느낌나네,https://gall.dcinside.com/board/view/?id=iamsolo&no=5590857,- dc official App
남보라,2026.01.28 23:10,남보라닮음,https://gall.dcinside.com/board/view/?id=iamsolo&no=5590821,이쁘다
남보라,2026.01.28 13:59,남보라12남매?인데 자식 1명씩만 낳아도 36명이 모임,https://gall.dcinside.com/board/view/?id=drama_new3&no=21901196,부모님까지 38명ㅋㅋ
남보라,2026.01.28 13:55,남보라16남매,https://gall.dcinside.com/board/view/?id=drama_new3&no=21901161,대박이다 우애도 좋아보여
남보라,2026.01.27 17:58,남보라남편,https://gall.dcinside.com/board/view/?id=drama_new3&no=21892622,인상 좋지 않냐
남보라,2026.01.27 10:55,SNL7남보라빵상 아줌마 분장에 외계 노래까지?,https://gall.dcinside.com/board/view/?id=ancheolsu&no=828040,SNL7 남보라 빵상 아줌마 분장에 외계 노래까지? https://m.dailian.co.kr/news/view/573405 SNL7 남보라 빵상 아줌마 분장 '외계 노래'까지? SNL7 남보라 가 빵상 아줌마로 분장해 화제다. 남보라 는 21일 방송된...
남보라,2026.01.26 17:23,치어리더 정희정남보라색 미니치파오에 살스,https://gall.dcinside.com/mgallery/board/view/?id=pantyhose0000&no=6795,- dc official App
남보라,2026.01.26 17:22,치어리더 이예빈남보라색 미니치파오에 살스,https://gall.dcinside.com/mgallery/board/view/?id=pantyhose0000&no=6794,- dc official App
남보라,2026.01.17 20:40,남보라몇남매다? 13남매,https://gall.dcinside.com/board/view/?id=lotto2&no=1000610,13 넣었냐 안 넣었냐
남보라,2026.01.17 20:38,남보라황금손으로 내게 1등 번호를...,https://gall.dcinside.com/board/view/?id=lotto2&no=1000606,그 1등 번호... 감사히 받겠습니다
남보라,2026.01.17 00:05,"1207회 판매·추첨시간, 1206회 1등당첨지역 공개",https://gall.dcinside.com/board/view/?id=gukjenews&no=16247,있다. 1207회차 로또 추첨방송 오늘의 황금손은 1207회차 로또 추첨방송 오늘의 황금손은 '배우 남보라 '씨가 제372대 황금손으로 초대됐다. 배우 남보라 는 아프리카 우간다 '우물 파기 프로젝트' 참여했고...
남보라,2026.01.14 16:18,남보라네 집구석이 진짜 심연인데.,https://gall.dcinside.com/board/view/?id=divination_new1&no=10311794,우리집이ㅅㅌㅊ라고생각할정도로 애미애비가 뒤져보임.. - dc official App
남보라,2026.01.11 09:04,"'경도를 기다리며' 박서준, 원지안 위해 이별 택했다...시청률 3.4%",https://gall.dcinside.com/board/view/?id=gukjenews&no=15519,봐 불안함을 드러냈다. 반면 아무런 대응 없이 하루하루를 평온히 지내는 듯하던 이경도는 결국 인턴기자 남보라 (정하진)에게 부탁해 사실무근 기사를 준비했다. 특히 이경도는 아버지가 다친 후 자림 어패럴의...
남보라,2026.01.10 16:11,온냐들 봊들 30머초중반이면 네혼이어도 혐혼급한나이지?,https://gall.dcinside.com/board/view/?id=w_entertainer&no=25755228,저나이대 혐애하는 봊들이면 무조건 혐혼하는 봊들이라고 한남들 다그러긔 그래서 남보라 언냐 잦편 30머 중반 모솔인데 혐혼한거래
남보라,2026.01.10 12:37,경도를 기다리며 흥행 저조한 개인적인 이유,https://gall.dcinside.com/mgallery/board/view/?id=waitingforkyoungdo&no=1873,"가령 '박세영-차우식'의 차근 차근 밟아 나가는 러브라인이나 이정민의 개인 서사, 혹은 '김두진- 남보라 ' 같은 부하 직원들 간의 에피소드가 양념처럼 가미되어야 한다고 봄. 메인 서사 외에 다양한 재미 요소가..."
남보라,2026.01.10 11:55,모솔 남편과 연애하느라 고생한남보라ㄷ,https://gall.dcinside.com/board/view/?id=baseball_new13&no=149523,
남보라,2026.01.10 11:54,모솔 남편과 연애하느라 고생한남보라,https://gall.dcinside.com/board/view/?id=immovables&no=8308943,
남보라,2026.01.10 03:35,다음주 스토리가 존나 기대되네,https://gall.dcinside.com/mgallery/board/view/?id=lobotomycorporation&no=4764931,이 둘은 동일인물 아닐까 - 로보토미 코퍼레이션 마이너 갤러리 지혜성 잘 보면 흑발에 남보라 색 브릿지 있는데얘도 남보라 색 브릿지가 있음지혜성의 키워드 이름은 잔상 얽힘이고본인의 신체도 현실이 아닌 홀...
남보라,2026.01.08 20:34,스포)9장 하편 추측 이거 맘에 들더라,https://gall.dcinside.com/board/view/?id=fantasy_new2&no=8829475,스포일러가 포함된 게시물입니다.
남보라,2026.01.08 17:06,이 둘은 동일인물 아닐까,https://gall.dcinside.com/mgallery/board/view/?id=lobotomycorporation&no=4749051,지혜성 잘 보면 흑발에 남보라 색 브릿지 있는데 얘도 남보라 색 브릿지가 있음 지혜성의 키워드 이름은 잔상 얽힘이고 본인의 신체도 현실이 아닌 홀로그렘마냥 지직거림 어쩌면 지혜성 = 미래/평행세계의 아라야...
남보라,2026.01.08 14:41,애도 솔직히 누가낳냐가 중요하지 지능은 엄마닮는데,https://gall.dcinside.com/board/view/?id=drama_new3&no=21695365,지능낮은 긷줌들은 애 안가지는게 맞음 귀엽다는 이유로 애낳고 싶다니 그것도 없는것도 아니고 있는 애들이나 잘해라 다둥이 부모들도 존나 이기적임 남보라 네 13명낳아서 형제 한명 극단적 선택한거 모르나보네
남보라,2026.01.06 20:26,남보라순복음 다니네,https://gall.dcinside.com/board/view/?id=sc&no=931757,오순절교회계통이 방언 못 하면 천국 못 간다고 하는 그런 성령운동 자체가 좀 이단적인 성격이 있음 애초에 여의도순복음교회 창립자 조용기가 방언 못하면 천국 못 간다고 하고 또 예수믿으면 현세에 복...
남보라,2026.01.06 20:10,남보라. ㄷ ㄷ,https://gall.dcinside.com/board/view/?id=sc&no=931750,ㄷ ㄷ
남보라,2026.01.04 19:59,남보라임신했다며,https://gall.dcinside.com/board/view/?id=drama_new3&no=21664740,나이많아서 3명까진 낳으려나
남보라,2026.01.04 19:57,남보라임신했잖아,https://gall.dcinside.com/board/view/?id=drama_new3&no=21664723,언제 출산?
남보라,2026.01.04 19:55,"남보라, “결혼도 남편에 먼저 제안..내가 리드해 발전""",https://gall.dcinside.com/board/view/?id=drama_new3&no=21664709,남편과의 첫 만남에 대해 묻자 남보라 는 “봉사하면서 만났다. 근데 처음 만났을 때는 말도 잘 못 걸고 그래서 말 없는 친구인가 보다 했는데 그때도 내 옆에서 위성처럼 봉사하는 거 도와주고 이래서 자연스럽게...
남보라,2026.01.04 16:33,38살(만 36)남보라근황 ㅋㅋ,https://gall.dcinside.com/board/view/?id=neostock&no=6894854,
남보라,2026.01.04 15:39,언냐들남보라언냐 짱깨손가락 검거됐긔..,https://gall.dcinside.com/board/view/?id=w_entertainer&no=25701594,시발 뭐노
남보라,2026.01.04 10:57,남보라남편도,https://gall.dcinside.com/mgallery/board/view/?id=foreversolo&no=1098018,30넘게모쏠이였다매 할수있다 - dc official App
남보라,2026.01.04 01:17,남보라도 결혼을 했구나,https://gall.dcinside.com/mini/board/view/?id=kiof&no=11341,
남보라,2026.01.03 22:42,"남보라""남편 모태솔로, 내가 성인으로 업그레이드 시켜""",https://gall.dcinside.com/board/view/?id=drama_new3&no=21655307,"남보라 가 남편이 결혼 전 모태솔로인 사실을 고백했다. 남보라 는 이런 얘기를 하려니 너무 부끄럽다면서도 ""우리 남편 내가 많이 알려주고 키워주고 성인으로 업그레이드 시켜줬다""고 너스레 떨었다..."
남보라,2026.01.03 22:13,남보라진짜 너무 예쁜데?,https://gall.dcinside.com/board/view/?id=drama_new3&no=21654753,아깝다 드라마 별로 안하고 결혼한거
남보라,2026.01.03 21:14,코알 언제하냐남보라아줌마가됐노,https://gall.dcinside.com/board/view/?id=baseball_new13&no=68531,씹노잼
남보라,2026.01.03 19:36,'아형' 새신랑X새신부 특집 윤정수 럭키 박하나남보라출격,https://gall.dcinside.com/board/view/?id=jtbcbros&no=75753,"윤정수, 럭키, 박하나, 남보라 가 2026년 '아는 형님' 첫 에피소드를 장식한다. 3일(토) 밤 9시 방송되는 JTBC '아는 형님'에는 새해를 맞아 행복한 기운을 전파하러 온 새신랑 윤정수, 럭키와 새신부 박하나..."
남보라,2026.01.03 17:23,'아형' 새신랑X새신부 특집…출연진 윤정수·럭키·박하나·남보라,https://gall.dcinside.com/board/view/?id=gukjenews&no=14719,"아는형님 재방송 시청률 OTT / JTBC 제공 윤정수, 럭키, 박하나, 남보라 가 2026년 '아는 형님' 첫 에피소드를 장식한다. 3일(토) 밤 9시 방송되는 JTBC '아는 형님'에는 새해를 맞아 행복한 기운을 전파하러 온..."
남보라,2026.01.02 00:53,백합남보라닮지 않음?,https://gall.dcinside.com/board/view/?id=iamsolo&no=5463815,떡대 큰 남보라 - dc official App
남보라,2025.12.29 20:00,테스트36,https://gall.dcinside.com/mini/board/view/?id=mystery2020&no=294,"연기자 남보라 의남매들중에서 가장나이가많은 사람은 누구이고, 막내와는 몇살차이인지요? 연기자 남보라 (1989년생) 가족에 대한 정보 정리해 드립니다: 👨‍👩‍👧‍👦 남보라 가족 구성 남보라 는 13남매 중 둘째이자 첫째..."
남보라,2025.12.27 22:30,남보라남편 부자인가봐 신혼집 여의도 브라이튼,https://gall.dcinside.com/board/view/?id=drama_new3&no=21566326,저기 큰평수 65억인데 연예인그사세
남보라,2025.12.27 20:19,JTBC 예능 '아는 형님' 27일 결방 이유...내년 첫 게스트 누구?,https://gall.dcinside.com/board/view/?id=gukjenews&no=14006,"방송이 결방된다고 밝혔다. 당초 이날 오후 9시에 전파를 탈 예정이었던 512회에는 윤정수, 박하나, 남보라 , 럭키가 게스트로 출연할 예정이었으나 해당 회차 방송분은 다음 달 3일(1월 3일)로 편성 변경됐다..."
남보라,2025.12.27 14:48,남보라30넘었지?,https://gall.dcinside.com/board/view/?id=drama_new3&no=21561232,엄마 아빠 몇살이셔? - dc official App
남보라,2025.12.27 14:47,남보라남매들은 딸들은 다 예쁜데,https://gall.dcinside.com/board/view/?id=drama_new3&no=21561222,아들들은 다 못생겼냐 희한하네
남보라,2025.12.27 00:10,27일 아는형님-28일 뭉쳐야찬다 시즌4 결방 이유는?,https://gall.dcinside.com/board/view/?id=gukjenews&no=13950,"오후 9시 방송 예정이었던 '아는 형님' 512회 본방송은 휴방한다""고 밝혔다. 이어 ""윤정수, 박하나, 남보라 , 럭키가 출연하는 512회 본방송은 1월 3일 오후 9시에 방송 예정""이라고 덧붙였다. '아는 형님'뿐..."
남보라,2025.12.26 23:53,별건 아니고 우리집 식물들 정산?,https://gall.dcinside.com/board/view/?id=tree&no=955231,ㅎㅎ...... 냉해피해를 좀 많이 입음. 인간이 미안하다 리틀 문스톤이 원래 하얀 바탕에 안쪽으로 점점 남보라 아닌가? 싶어서 구매처에 물어봤는데 얘가 리틀 문스톤은 맞는데 처음 꽃폈을땐 이 친구가 하얗게...
남보라,2025.12.26 21:31,남보라네 보면서 좋겠단 생각이안들어,https://gall.dcinside.com/board/view/?id=drama_new3&no=21555367,자식이 13명 인간의 한계는 어디인가 생각만들고 좋겠단생각은 전혀안든다
남보라,2025.12.26 21:16,편스토랑남보라가족 왜나온거냐,https://gall.dcinside.com/board/view/?id=drama_new3&no=21555245,재미가너무없는데 차라리 김밥을 싸든가
남보라,2025.12.26 21:11,남보라네 재미가 없어,https://gall.dcinside.com/board/view/?id=drama_new3&no=21555215,그냥 정신만없네
남보라,2025.12.26 21:08,남보라네 온식구 다 나왔네 ㄷㄷ,https://gall.dcinside.com/board/view/?id=drama_new3&no=21555194,입이 딱 벌어진다 기네스북에 오를듯
남보라,2025.12.26 21:06,남보라자기도 연예계 힘든거 알텐데,https://gall.dcinside.com/board/view/?id=drama_new3&no=21555181,동생 배우되는거 안말렸네 할만한가
남보라,2025.12.26 21:05,남보라네 집 자식이 13명인데 다들 장애 없이 건강한 거 신기하다,https://gall.dcinside.com/board/view/?id=drama_new3&no=21555167,요즘에 하도 장애 가진 애들 많아서 그런가?
남보라,2025.12.26 14:32,남보라남편 뭐하는 사람이야????,https://gall.dcinside.com/board/view/?id=drama_new3&no=21551594,- dc official App
남보라,2025.12.26 06:53,남보라네 또 13가족 총출동하네 편스토랑에,https://gall.dcinside.com/board/view/?id=drama_new3&no=21549005,와보기싫어 다 끌고 나오는구나 아예 집구석에 돈버는 사람이 없나
남보라,2025.12.25 17:21,남보라엄마가 애 많이낳은 이유가잇네,https://gall.dcinside.com/board/view/?id=car_new1&no=11176985,뒷태 굿
남보라,2025.12.24 03:06,배우남보라근황.jpg,https://gall.dcinside.com/mgallery/board/view/?id=centristpolitics&no=5498951,- dc official App
남보라,2025.12.23 19:23,남보라인스타(feat. 정치병 극우),https://gall.dcinside.com/mgallery/board/view/?id=minjudang&no=4663482,남보라 대통령 표창받았길래 또 댓글로 ㅈㄹ하는 극우들 있겠구나 싶어보니 역시나..진짜 극우 정치병 아니 그리고 석열이한테 받은것보다야 훨 수만배 자랑스럽지 석열이한테 받은 사람은 진짜 반납하고 싶을듯
남보라,2025.12.23 09:31,“과분한 상 받았다”…임신 발표 열흘만에남보라가 전한 기쁜 소식,https://gall.dcinside.com/board/view/?id=baseball_new11&no=20930308,대단하네 ㄷㄷ
남보라,2025.12.23 00:42,요리잘하는이미지남보라말고 못 믿겠어,https://gall.dcinside.com/board/view/?id=drama_new3&no=21519853,걔는 형제가 많아서 요리 많이 한거 찐이라
남보라,2025.12.21 11:21,남현종남보라南下,https://gall.dcinside.com/board/view/?id=neostock&no=6868533,- dc official App
남보라,2025.12.18 23:09,백합 김숙이랑남보라닮았네,https://gall.dcinside.com/board/view/?id=iamsolo&no=5422068,김숙 젊은시절 닮음 - dc official App
남보라,2025.12.16 01:32,"예비엄마남보라“남편 모태솔로, 내가 첫사랑",https://gall.dcinside.com/board/view/?id=hiphop_new1&no=3334120,"https://v.daum.net/v/20251212212229925 예비엄마 남보라 “남편 모태솔로, 내가 첫사랑…손 잡는 법도 몰라”(편스토랑) [뉴스엔 김명미 기자] 남보라 가 남편이 '모태솔로'였다고 밝혔다. 12월 12일 방송된 KBS..."
남보라,2025.12.15 21:42,한양대 출동한 이연복 셰프의 '천원의 아침밥',https://gall.dcinside.com/person/board/view/?id=yangjieun&no=1517,"고사 응원에 학생들 '행복' 함께 출동한 셰프들을 비롯해 이연복 셰프와 함께 하는 한보름, 양지은, 남보라 , 조정민 등 10여 명의 연예인 봉사단은 주방에서, 배식대에서 요리와 배식을 하며 맡은 역할로 분주..."
남보라,2025.12.14 10:08,남보라얼굴이 베이비페이스네,https://gall.dcinside.com/board/view/?id=drama_new3&no=21421889,나이보고 깜놀ㄹㅇ
남보라,2025.12.13 18:09,안토야 네가 보고 배워야 하는 사람 목록,https://gall.dcinside.com/board/view/?id=w_entertainer&no=25518791,남보라 - 연애 경험 없는 모솔 남자 만나서 남보라 가 이끌어서 임신함 행복한 결혼 생활 중 ***** 김미숙- 마찬가지로 마흔에 5살 연하 남자 만나서 행복한 결홍 생활 하며 두 아이 출산 안토는 본받으라긔!
남보라,2025.12.13 17:52,남보라그튜브 보면 망각하는거 같음 힘들었던거,https://gall.dcinside.com/mgallery/board/view/?id=birthhatred&no=64021,남보라 도 20년 가까이 힘들었고 인간극장 출연 이전 까진 (여기 집안은 2명+13 남매 15명 최저가 1500은 벌어야 하는데). 남보라 도 이후 연예인 되고 나름 집안 일으킨거 보면 톱급은 진심 장원영 처럼 140억 집...
남보라,2025.12.13 16:54,남보라가족보니 딸들은 시집가는데,https://gall.dcinside.com/board/view/?id=drama_new3&no=21414537,아들들은 힘들듯 위에 장남(오빠) 는 특히 힘들듯 누가 저집 큰며느리 하겠어
남보라,2025.12.13 12:48,안토야 너 이런 남자 만나라고,https://gall.dcinside.com/board/view/?id=w_entertainer&no=25516992,남보라 남편처럼 모솔 남자 만나 니가 이끌어 그래야 후회없다 지금 니 옆에 남자는 연애경험이 너무 많아 알지? 결혼하면 니 남편 전여친들과 같이 사는 거라니까
남보라,2025.12.13 11:42,"남보라, 역대급 한강 시티뷰서 만끽하는 신혼 일상…""임신 5주 차""",https://gall.dcinside.com/board/view/?id=drama_new3&no=21411457,"ㅊㅋㅊㅋㅊ https://m.entertain.naver.com/home/article/312/0000740002 '사업가♥' 남보라 , 역대급 한강 시티뷰서 만끽하는 신혼 일상… '사업가♥' 남보라 , 역대급 한강 시티뷰서 만끽하는 신혼 일상..."
남보라,2025.12.13 10:04,남보라남편이래,https://gall.dcinside.com/board/view/?id=drama_new3&no=21410233,신혼집 좋은 아파트인거보니 돈은 많나벼
남보라,2025.12.13 09:15,"'편스토랑'남보라♥사업가 결혼→임신 ""태명은 콩알탄""",https://gall.dcinside.com/board/view/?id=gukjenews&no=12328,편스토랑 남보라 / 방송 캡쳐 남보라 가 임신 소식을 최초 공개했다. 12일 방송된 KBS 2TV '신상출시 편스토랑'(이하 '편스토랑')에서는 국민장녀 남보라 가 13남매 창조주인 어머니와 대가족 체육대회를 위해 역대...
남보라,2025.12.13 08:15,만 36살에 임신한 배우남보라ㅋㅋ,https://gall.dcinside.com/board/view/?id=neostock&no=6854657,
남보라,2025.12.13 08:13,13남매 장녀 배우남보라근황,https://gall.dcinside.com/mgallery/board/view/?id=birthhatred&no=63973,https://youtu.be/eV4M-GTJs_E https://news.nate.com/view/20251212n32528?mid=e1200 남보라 한눈에 보는 오늘 : 연예가 화제 - 뉴스 : [스포츠조선 김소희 기자] 배우 남보라 가 남편의 모태솔로 이력을 공개해...
남보라,2025.12.13 07:42,"남보라, 돈 많이 벌었네…한강뷰 신혼집 공개→母 다이아 반지 선물",https://gall.dcinside.com/board/view/?id=immovables&no=8270136,"https://m.entertain.naver.com/home/article/609/0001069029 남보라 , 돈 많이 벌었네…한강뷰 신혼집 공개→母 다이아 반지 선물(편스토랑) 남보라 , 돈 많이 벌었네…한강뷰 신혼집 공개→母 다이아 반지 선물..."
남보라,2025.12.12 20:49,남보라남편 뭐하는 사람이야??,https://gall.dcinside.com/board/view/?id=drama_new3&no=21404738,
남보라,2025.12.12 20:47,남보라엄마 닮았네,https://gall.dcinside.com/board/view/?id=drama_new3&no=21404723,이목구비 비슷
남보라,2025.12.12 16:37,남보라근황,https://gall.dcinside.com/mini/board/view/?id=todagtodag&no=24065,헐 애기엄마 되네
남보라,2025.12.11 20:46,소라에 대한 쨍뱔풀의 사랑,https://gall.dcinside.com/mgallery/board/view/?id=aipriverse&no=615,보여주는 매력이에요. 벚꽃잎이 이어진 거 같은 둥근 눈썹도 정말 사랑스러워요. 은하수를 품은 듯한 남보라 색으로 빛나는 두 눈동자 사이로 각각 개화한 작약꽃 두 송이가 빛을 받아 눈이 부시게 아름다워요...
남보라,2025.12.11 17:46,"배우남보라, 결혼 7개월 만에 임신...""새 생명 찾아와""",https://gall.dcinside.com/board/view/?id=gukjenews&no=12105,"남보라 (사진= 남보라 SNS) 배우 남보라 (36)가 임신 소식을 전했다. 11일 남보라 는 자신의 인스타그램에 ""우리 가족에게 새 생명이 찾아왔다""며 ""제가 곧 엄마가 된다""고 밝혔다. 남보라 는 ""올해 안에는 임신하고..."
남보라,2025.12.11 11:36,남보라임신했네,https://gall.dcinside.com/board/view/?id=drama_new3&no=21389175,5주차
남보라,2025.12.08 21:43,남보라드라마 나오냐?,https://gall.dcinside.com/board/view/?id=drama_new3&no=21358671,남보라 목소린줄
남보라,2025.12.07 17:46,울언니는 우울증약 때문에 망가진거지 나보다 더 이뻐,https://gall.dcinside.com/board/view/?id=divination_new1&no=10065562,올 자연미인에 몸매도 완벽함 내가 울언니 하위버전임 언니 장난 아닌데 ㅋㅋ 남보라 리즈시절 존똑 대학내에서 여신으로 유명했다~ 성질이 더러워서 그렇지 외모 못 까 두상이 유딩 모자가 맞는 급임 헤드셋...
남보라,2025.12.02 17:45,"윤정수, 결혼식 비하인드 밝힌다‥럭키 박하나남보라와 ‘아형’ 출격",https://gall.dcinside.com/board/view/?id=jtbcbros&no=75703,"스타들이 '아는 형님'에 출연한다. JTBC '아는 형님' 측은 12월 2일 뉴스엔에 ""윤정수, 럭키, 박하나, 남보라 가 출연하는 것이 맞다. 이들이 출연분은 12월 중 방송될 예정""이라고 밝혔다. 윤정수, 럭키, 박하나..."
남보라,2025.11.22 22:16,신주쿠 시티의 지하철 개찰구 가보고 싶었다...,https://gall.dcinside.com/mgallery/board/view/?id=tribenine&no=16811,"지도에서 볼 수 있는데 트나는 각 시티별로 시그니쳐 컬러가 있어서 시나가와 청록색 미나토 남보라 색 치요다 황색 확실히 구분하는데, 특히 지하철 통로로 드나들 때 체감이 잘 됨 시나가와 시티의 청록색이..."
남보라,2025.11.21 19:46,좀 찐해진 엠네모,https://gall.dcinside.com/mgallery/board/view/?id=gundam&no=3550271,"청록색은 녹색으로, 남보라 색은 검은색으로 칠했음"
남보라,2025.11.12 20:53,심형탁아남보라네처럼 열댓명 낳아라,https://gall.dcinside.com/board/view/?id=drama_new3&no=21093893,미모보장이다
남보라,2025.11.08 22:57,김쇄정 못생겨서 맨날 서브녀한테 개털리네,https://gall.dcinside.com/board/view/?id=drama_new3&no=21060003,학교.사맞 설인아 너노들 티아라지연 경소 여경 오웹 남보라 취로 신도현 이강달 홍수주
남보라,2025.11.07 10:28,이정현남보라이런 사람들은,https://gall.dcinside.com/board/view/?id=iamsolo&no=5275361,체구도 작은데 생활력 ㅆㅅㅌㅊ 어마무시한 음식량도 야물딱지게 뚝딱뚝딱 하는 거 보면 어디서 그런 괴력?!이 나오는지 신기함
남보라,2025.10.28 10:48,재미로 해보는 여친들 이름이 한국식으로 로컬라이징 된다면?,https://gall.dcinside.com/mgallery/board/view/?id=onehundred&no=37152,모모하 - 노다빈 [no 답] 22. 바이오 린 - 반올림 [최대한 비슷한 한국식 발음..] 23. 히후미 스우 - 남보라 [number love] 24. 카호 에이라 - 카포 애라 [브라질 아버지 성씨라 그대로] 25. 네코나리 타마...
남보라,2025.10.19 18:55,유퀴즈 보는데남보라진짜 이쁘다 ㅅㅂ..,https://gall.dcinside.com/mini/board/view/?id=gong&no=730972,진짜 곱고 아름답다 - dc official App
남보라,2025.10.18 13:56,오남보라임신했네. 결혼 늦게했는데도 ㅇㅇ,https://gall.dcinside.com/board/view/?id=drama_new3&no=20866755,ㅊㅊ
남보라,2025.10.15 01:12,남보라엄마는 애를 출산을 열세번을 한거야???,https://gall.dcinside.com/board/view/?id=drama_new3&no=20830054,?
남보라,2025.10.12 00:19,빕스 당산역점 있을때남보라누나 많이왔었는디,https://gall.dcinside.com/board/view/?id=baseball_ab2&no=11359996,가족들 자주본 - dc official App
남보라,2025.10.11 20:33,남보라동생누나 ㅋㅋㅋ,https://gall.dcinside.com/board/view/?id=baseball_new11&no=20031031,ㅋㅋ
남보라,2025.10.11 18:08,"체감온도 8.3도의 찬 기운이 외투를 통해 스며들었고, 습도 67%의 축",https://gall.dcinside.com/board/view/?id=w_entertainer&no=25033971,"불어와 주변 건물 간극을 통과할 때 휘파람 같은 소리를 냈다. 해가 진 지 43분이 지나서 하늘은 짙은 남보라 색으로 물들었고, 가로등 불빛이 45도 각도로 길목을 비추고 있다. 인천 차이나타운에서 들려오는..."
남보라,2025.10.11 14:18,최고청률남보라나올땐데 민앰 거짓말도 하네,https://gall.dcinside.com/board/view/?id=mistertrot&no=7808837,ㅇㅇ
남보라,2025.10.09 18:58,남보라아기ㅇ4명,https://gall.dcinside.com/board/view/?id=drama_new3&no=20775416,낳고싶댜
남보라,2025.10.09 16:07,남보라남편 사업가?,https://gall.dcinside.com/board/view/?id=drama_new3&no=20774066,무슨사업?
남보라,2025.09.29 20:05,"'푹 쉬면 다행이야' 이연복, 국빈 초청 메뉴 공개 ""처음 먹는 식감""",https://gall.dcinside.com/board/view/?id=gukjenews&no=3305,"전(前) 야구 선수 유희관의 무인도 레스토랑 운영기가 그려진다. 스튜디오에서는 '안CEO' 안정환, 붐, 남보라 , 정호영 셰프가 이들을 지켜볼 예정이다. 이날 이연복은 과거 대사관에서 근무하며 국빈 초청 행사..."
남보라,2025.09.28 17:13,북울산교회에남보라양 왔다,https://gall.dcinside.com/board/view/?id=baseball_new11&no=19847219,이쁘더라
남보라,2025.09.28 14:39,남보라오빠도있구나,https://gall.dcinside.com/board/view/?id=lgbt&no=10020324,오빠는 왜 동생들한테 아무것도안하신대?
남보라,2025.09.26 08:48,"줄리안→남보라, 자영업자 공개 저격…""공인 영향력생각 안 해"" 빈축",https://gall.dcinside.com/board/view/?id=drama_new3&no=20618779,"https://naver.me/5IiXJgWn 줄리안→ 남보라 , 자영업자 공개 저격…""공인 영향력 생각 안 해"" 빈축 줄리안→ 남보라 , 자영업자 공개 저격…""공인 영향력 생각 안 해"" 빈축 naver.me 방송인 줄리안에 이어 남보라 가..."
남보라,2025.09.22 20:51,"'푹다행' 이연복, 무인도 중식 뷔페 도전...신종철과 역대급 콜라보",https://gall.dcinside.com/board/view/?id=gukjenews&no=2415,"호텔 총괄 셰프 신종철, 전(前) 야구 선수 유희관이 함께하며, 스튜디오에서는 '안CEO' 안정환, 붐, 남보라 , 정호영 셰프가 이들의 무인도 레스토랑 운영기를 지켜볼 예정이다. 이날 이연복은 '무인도 중식 뷔페..."
남보라,2025.09.14 13:50,하프엘프가 되고싶다,https://gall.dcinside.com/board/view/?id=comic_new6&no=491248,살고 예쁜 뾰족한 삼각형 귀에 하얗고 투명한 뽀얀 피부 날씬한데 가슴크고 골반큰 흰색 은발머리에 남보라 빛 눈동자 누가봐도 신비롭고 아름다우며 몽환적인 느낌 순수하고 깨끗한 정신상태의 하프엘프가 되고...
남보라,2025.09.09 20:11,남보라투병소식ㅡ좀 더 일찍 검사해 볼껄,https://gall.dcinside.com/board/view/?id=baseball_new11&no=19608107,좃선이 이리 제목달고 내용은 애견 머털이 투병
남보라,2025.09.06 09:15,남보라도 귀칼본거 인증했네,https://gall.dcinside.com/board/view/?id=drama_new3&no=20413369,얘 왜이럼 한국인이면 케데헌인데 - dc official App
남보라,2025.09.05 21:39,남보라여동생 한명 그나마,https://gall.dcinside.com/board/view/?id=drama_new3&no=20408470,이쁘다
남보라,2025.09.05 21:38,남보라도 왜케 느끼해졌냐,https://gall.dcinside.com/board/view/?id=drama_new3&no=20408433,어휴 못보겠다 나이들어서 그런가
남보라,2025.09.05 21:37,남보라는 왜 형제자매랑 너무 다르게 생겼어,https://gall.dcinside.com/board/view/?id=drama_new3&no=20408414,혼자만 이뻐
남보라,2025.09.05 21:35,남보라남편 키가 작네,https://gall.dcinside.com/board/view?id=drama_new3&no=20408389,남보라 랑 차이가 없누
남보라,2025.09.05 21:33,편스토랑남보라안보고싶다,https://gall.dcinside.com/board/view/?id=drama_new3&no=20408355,넘 오글거려 이쁜척 심해
남보라,2025.09.05 21:21,편스토랑남보라도 왜케 오글거려,https://gall.dcinside.com/board/view/?id=drama_new3&no=20408166,쟤도 그만나와야겠구나
남보라,2025.09.05 17:04,13남매남보라결혼,https://gall.dcinside.com/board/view/?id=drama_new3&no=20406012,
남보라,2025.09.05 12:12,남보라귀멸의칼날 보러갔네,https://gall.dcinside.com/board/view/?id=drama_new3&no=20403776,- dc official App
