ID,rank,views,company,title,link,file_path,unique_article_ID
431,0,1823020,312,"신기루, 법정 구속됐다…""혐의 인정 못해"" 결국 상습 허언죄로 입소 ('배불리힐스')",https://m.entertain.naver.com/ranking/article/312/0000731345,../data\20251014_article_1.txt,380
1021,0,1809646,410,"박나래 논란, 새 폭로로 ‘국면 전환’… 전 매니저 “잠든 박나래에 주사이모 계속 약 투입”",https://m.entertain.naver.com/ranking/article/410/0001102753,../data\20251212_article_1.txt,27
1061,0,1586302,76,"이진호 ""박나래 매니저들, 55억 이태원 자택 도둑 사건後 큰 배신감…폭로 촉발 결정적 계기""(연예뒤통령)",https://m.entertain.naver.com/ranking/article/076/0004356227,../data\20251216_article_1.txt,905
1391,0,1527854,117,"""성관계 있었지만 억지로 한 것 아니다"" 소속 배우 '성폭행 혐의' 체포된 기획사 대표",https://m.entertain.naver.com/ranking/article/117/0004027286,../data\20260118_article_1.txt,1150
1111,0,1484542,312,"유재석, 결국 비난 쏟아냈다…""정말 최악, 줘도 안 가져"" 허접한 비밀 선물에 격분 ('런닝맨')",https://m.entertain.naver.com/ranking/article/312/0000741117,../data\20251221_article_1.txt,941
1521,0,1483335,312,"'이천희♥' 전혜진, 이혼 조건 밝혔다…""도박으로 10억 벌어? 신뢰의 문제""('천개미')",https://m.entertain.naver.com/ranking/article/312/0000746412,../data\20260131_article_1.txt,1245
51,0,1465801,117,"[단독]""매니저도 안돼…"" 김종국, 강남 J호텔서 결혼식 마쳐",https://m.entertain.naver.com/ranking/article/117/0003985104,../data\20250906_article_1.txt,48
971,0,1449491,109,"“소리 지르며 촬영장 이탈”.. 박나래, 논란 속 ‘놀토’서 돌발 해프닝 ('놀토')",https://m.entertain.naver.com/ranking/article/109/0005443184,../data\20251207_article_1.txt,844
391,0,1425348,117,"'한고은♥' 신영수, 수년째 무직…""스카우트 無, 백수란 말 안 괜찮아"" [마데핫리뷰]",https://m.entertain.naver.com/ranking/article/117/0003995957,../data\20251010_article_1.txt,343
801,0,1409302,311,"""모두 진짜였다"" 이이경 사생활 루머 폭로자, 계정 삭제…'극심한 피해' 어쩌나 [엑's 이슈]",https://m.entertain.naver.com/ranking/article/311/0001944046,../data\20251120_article_1.txt,27
321,0,1406119,76,"샘 해밍턴 9살 아들 벤틀리 ""난 한국인 아닌 호주 사람""...정체성 벌써 정했다",https://m.entertain.naver.com/ranking/article/076/0004331256,../data\20251003_article_1.txt,282
1101,0,1404859,76,"'윤상현♥' 메이비, 갑작스러운 비보에 자책 ""널 살릴 수 있었던 시간은 언제였을까""",https://m.entertain.naver.com/ranking/article/076/0004357541,../data\20251220_article_1.txt,934
1071,0,1386756,117,"조인성, '나래바' 실체 알고 거절했다…""거긴 나올 때 자유NO"" 발언 재조명 [MD이슈]",https://m.entertain.naver.com/ranking/article/117/0004018260,../data\20251217_article_1.txt,913
121,0,1374750,312,"김대호, 제대로 사고쳤다…달동네 2억집 싹 고쳤는데 ""20박스 모래 부어"" ('나혼산')",https://m.entertain.naver.com/ranking/article/312/0000727582,../data\20250913_article_1.txt,103
1441,0,1370838,241,"[단독] “뭐라도 해야죠”…박나래, 막걸리 학원서 근황 첫 포착",https://m.entertain.naver.com/ranking/article/241/0003490173,../data\20260123_article_1.txt,1187
131,0,1368448,477,"'전날도 소통했는데' 故오인혜, 36살로 떠났다…오늘(14일) 5주기",https://m.entertain.naver.com/ranking/article/477/0000568829,../data\20250914_article_1.txt,112
641,0,1365407,76,"이천수♥심하은, 결혼 13년만 중대 결정..쌍둥이 남매 가정보육 ""봄까지 잘해보자""",https://m.entertain.naver.com/ranking/article/076/0004342941,../data\20251104_article_1.txt,567
301,0,1343691,312,"""항의 빗발쳐""…김수용 영상, 결국 삭제됐다 ""한시간 만에 내려"" ('라스')",https://m.entertain.naver.com/ranking/article/312/0000730007,../data\20251001_article_1.txt,263
331,0,1333708,312,"'나혼산' 멤버, 6년 만에 품절남 됐다…10월 결혼, 신혼집 최초 공개",https://m.entertain.naver.com/ranking/article/312/0000730424,../data\20251004_article_1.txt,292
961,0,1327464,241,"[단독] 박나래, 횡령 혐의로 고발까지…“전 남친에게 회사 자금으로 월급 줘”",https://m.entertain.naver.com/ranking/article/241/0003482179,../data\20251206_article_1.txt,27
1331,0,1282079,109,박나래는 다 계획이 있었구나…'표독' 표정·'독기' 말투 새국면 [Oh!쎈 이슈],https://m.entertain.naver.com/ranking/article/109/0005460703,../data\20260112_article_1.txt,27
521,0,1274500,144,"[단독] 박봄, 양현석 고소에 소속사 “우리도 컨트롤 안돼”",https://m.entertain.naver.com/ranking/article/144/0001075020,../data\20251023_article_1.txt,461
1181,0,1264834,312,"'공무원♥' 곽튜브, 알고보니 별거 중이었다…아내 임신 중인데 ""따로 살고 있어"" ('전현무계획3')[종합]",https://m.entertain.naver.com/ranking/article/312/0000742034,../data\20251228_article_1.txt,1002
1641,0,1258001,117,"'예능 복귀' 박나래 ""설레고 즐거운 마음으로 왔다"" 인사[MD이슈]",https://m.entertain.naver.com/ranking/article/117/0004035145,../data\20260212_article_1.txt,1337
1651,0,1244020,410,"“폐기물이냐?” 황정음, 장난감 무료 나눔에 날벼락...‘43억 횡령’ 꼬리표 무섭네",https://m.entertain.naver.com/ranking/article/410/0001112163,../data\20260213_article_1.txt,1344
1631,0,1236305,117,"주사이모는 전현무 저격, 폭로자는 이이경 복귀 제동…""이제 너희 차례"" 끝나지 않은 폭로전 [MD이슈]",https://m.entertain.naver.com/ranking/article/117/0004034739,../data\20260211_article_1.txt,1328
1112,0,1231951,312,"[종합] 전현무, 대상에도 마냥 웃지 못했다…""父 편찮으셔, 힘든 연말 보내는 중"" ('KBS연예대상')",https://m.entertain.naver.com/ranking/article/312/0000741172,../data\20251221_article_2.txt,942
1031,0,1231751,311,"장도연, ""대중에 잘 보이고 싶었던""…'절친 박나래' 불똥 속 데뷔 무대 (쓰담쓰담)",https://m.entertain.naver.com/ranking/article/311/0001952267,../data\20251213_article_1.txt,883
1121,0,1221300,109,"조세호 ""혼자 남은 아내 잘 부탁"" 가상 장례식…홍진경 폭풍 오열 ('도라이버')[종합]",https://m.entertain.naver.com/ranking/article/109/0005450773,../data\20251222_article_1.txt,951
1241,0,1217859,312,"'이도현♥' 임지연, 공개 연애 2년 9개월 만에 기쁜 소식 전했다…허남준과 핑크빛 호흡 ('멋진 신세계')",https://m.entertain.naver.com/ranking/article/312/0000742868,../data\20260103_article_1.txt,1050
1581,0,1213511,117,"김종국, 그렇게 감추더니… 스스로 공개한 아내의 정체[MD이슈]",https://m.entertain.naver.com/ranking/article/117/0004033104,../data\20260206_article_1.txt,1292
911,0,1209625,311,"진태현, 안타까운 비보 전했다…""하늘 나라로 떠나"" 마라톤 중 트럭 치인 선수 추모 [전문]",https://m.entertain.naver.com/ranking/article/311/0001947733,../data\20251201_article_1.txt,797
1601,0,1198382,410,"머라이어 캐리, 이게 무슨 망신 ...동계 올림픽 개회식서 립싱크 굴욕 “형편 없어!”",https://m.entertain.naver.com/ranking/article/410/0001111415,../data\20260208_article_1.txt,1307
962,0,1194075,117,"'소년범 인정' 조진웅, 소름끼치는 7년 전 글[MD이슈]",https://m.entertain.naver.com/ranking/article/117/0004015315,../data\20251206_article_2.txt,835
972,0,1187495,410,"조진웅 은퇴 여파 속…김혜수, SNS서 꺼낸 이름 석자 ‘김혜수’ 의미심장",https://m.entertain.naver.com/ranking/article/410/0001102006,../data\20251207_article_2.txt,845
1701,0,1187449,410,"팬 무시 논란 휩싸인 김준현, 출근길 영상 모아 보니...‘한결같은 무표정’",https://m.entertain.naver.com/ranking/article/410/0001112627,../data\20260218_article_1.txt,1378
1041,0,1185236,76,"교통사고 사망 오보..故 강두리, 자택서 숨진 채 발견 ‘벌써 10주기’",https://m.entertain.naver.com/ranking/article/076/0004355753,../data\20251214_article_1.txt,890
701,0,1173713,144,"‘10kg 감량’ 현아, 마카오 워터밤 공연 중 기절…극단적 다이어트 후유증?",https://m.entertain.naver.com/ranking/article/144/0001078910,../data\20251110_article_1.txt,620
761,0,1173479,312,"임우일, 결국 사과했다…궁상 떨더니 제네시스 끌고 승마가 취미 ""죄송해"" ('나혼산')",https://m.entertain.naver.com/ranking/article/312/0000736072,../data\20251116_article_1.txt,675
1401,0,1172469,76,"""언니, '나혼산' 하차 하지마""…이진호 ""박나래 매니저, 새벽회동 주저앉아 오열後 다음날 합의서 보내와→협상 결렬""(연예뒤통령)",https://m.entertain.naver.com/ranking/article/076/0004366184,../data\20260119_article_1.txt,27
1741,0,1166625,312,"'58세' 김광규, 6살 연하 돌싱 유명인과 핑크빛♥…""너무 예뻐, 여전히 떨려"" ('데이앤나잇')[종합]",https://m.entertain.naver.com/ranking/article/312/0000748897,../data\20260222_article_1.txt,1414
1171,0,1166076,312,"남보라, 장남은 고려대 박사→셋째는 '1억' 범죄자 검거 ""13남매 다 달라""('편스토랑')",https://m.entertain.naver.com/ranking/article/312/0000741965,../data\20251227_article_1.txt,993
441,0,1166046,76,"이수지, 백화점에서 연예인DC 요구 ""100만 원만 깎아달라 했다"" ('살롱드립')",https://m.entertain.naver.com/ranking/article/076/0004334624,../data\20251015_article_1.txt,390
1451,0,1162922,312,"유명 개그맨, 녹화 중 강제 스킨십했다…""너무 수치스러워"" 폭로 ('맛녀석')",https://m.entertain.naver.com/ranking/article/312/0000745442,../data\20260124_article_1.txt,1194
1301,0,1160850,468,"“살아 있나?” 박나래, “연락 두절, 전화도 안 된다”…‘주사 이모’ 남편 입 열었다",https://m.entertain.naver.com/ranking/article/468/0001208132,../data\20260109_article_1.txt,27
951,0,1160499,433,"[단독] ""그래서, 아버지 이름을 썼다""…조진웅, 배우가 된 '소년범'",https://m.entertain.naver.com/ranking/article/433/0000123353,../data\20251205_article_1.txt,830
1602,0,1153565,477,"박나래 주사이모, 9시간 경찰조사 후 ""이제 너희들 차례..특히 한 남자"" 경고",https://m.entertain.naver.com/ranking/article/477/0000592543,../data\20260208_article_2.txt,27
1172,0,1148937,312,"유재석, 결국 퇴장한다…끝내 유종의 미 1월 1일 마지막 방송 ('식스센스') [종합]",https://m.entertain.naver.com/ranking/article/312/0000741934,../data\20251227_article_2.txt,994
1351,0,1144933,117,"박나래 전 매니저 3차 폭로 ""김준호 약점 잡으려고 녹취 요구""…김지민 결혼식 불참도 재조명",https://m.entertain.naver.com/ranking/article/117/0004026192,../data\20260114_article_1.txt,27
1131,0,1142035,108,"박나래, 논란 또 추가..이번엔 '나혼산' 조작 방송 의혹 [스타이슈]",https://m.entertain.naver.com/ranking/article/108/0003394200,../data\20251223_article_1.txt,960
1211,0,1137462,312,"탁재훈, 결국 ♥열애 인정했다…여자친구 언급 ""대상 탈 때까지만 참아줘"" [SBS 연예대상]",https://m.entertain.naver.com/ranking/article/312/0000742486,../data\20251231_article_1.txt,1029
1141,0,1128366,117,"""사람 박나래는 나빠, 착하지 않아""…6년 전 대상 소감 다시 보니 '의미심장' [MD포커스]",https://m.entertain.naver.com/ranking/article/117/0004020274,../data\20251224_article_1.txt,967
1711,0,1124083,445,"[단독] K팝 인기 가수 A, 4년 전 자녀 존재 확인…법적 인지 '공백'",https://m.entertain.naver.com/ranking/article/445/0000385920,../data\20260219_article_1.txt,1392
771,0,1121204,76,"배정남, 산책 중 시신 발견해 119 신고 ""사고 장소에 소주 붓고 노잣돈 묻어"" ('미우새')",https://m.entertain.naver.com/ranking/article/076/0004347073,../data\20251117_article_1.txt,683
1771,0,1120236,445,"형 떠나보낸 유명 배우, '조울증' 투병 중 사망…안타까운 비보",https://m.entertain.naver.com/ranking/article/445/0000387116,../data\20260225_article_1.txt,1440
1392,0,1117370,117,"'별거 중' 박군, ♥한영 이혼설에 입열었다…""잡념 많아, 2년째 병원 다녀""",https://m.entertain.naver.com/ranking/article/117/0004027352,../data\20260118_article_2.txt,1156
1201,0,1110966,108,"""유부남과 엘리베이터서 진한 키스"" 트로트 女가수 상간 '충격'[스타이슈]",https://m.entertain.naver.com/ranking/article/108/0003395665,../data\20251230_article_1.txt,1020
1151,0,1102800,76,"'이은성♥' 서태지, 11세 딸과 소소한 일상 ""애들은 쭉쭉 늘어나고 우리만 늙어가""",https://m.entertain.naver.com/ranking/article/076/0004358872,../data\20251225_article_1.txt,975
1091,0,1094973,468,"‘주사이모 의혹’ 입짧은햇님, 논란 8시간 만에 구독자 1만 명 줄이탈",https://m.entertain.naver.com/ranking/article/468/0001203473,../data\20251219_article_1.txt,27
1742,0,1092834,144,최준희 11세 연상 예비신랑 정체는 ‘오토바이 사고·주거침입 신고’ 그 인물?,https://m.entertain.naver.com/ranking/article/144/0001099205,../data\20260222_article_2.txt,1415
1531,0,1088562,312,"황재균, 지연과 이혼 2년 만에 속내 밝혔다…""2세 원해, 혼자라 결정 편하기도"" ('전참시')",https://m.entertain.naver.com/ranking/article/312/0000746496,../data\20260201_article_1.txt,1253
11,0,1081954,477,"원더걸스 유빈, 가족 암투병에 도움 호소 ""연 2억 치료제 건강보험 요청""[전문]",https://m.entertain.naver.com/ranking/article/477/0000566878,../data\20250902_article_1.txt,11
963,0,1080788,311,"'러브레터' 故 나카야마 미호, 자택 욕조서 숨진 채 발견…오늘(6일) 1주기",https://m.entertain.naver.com/ranking/article/311/0001949949,../data\20251206_article_3.txt,836
41,0,1072216,117,"이민정, 손예진이 찍어준 사진에 팬들 비난…""신성한 장소에서 가방 광고?""",https://m.entertain.naver.com/ranking/article/117/0003984621,../data\20250905_article_1.txt,38
1311,0,1065488,312,"'48세' 전현무, 4살 연상 유명 여배우와 충격적인 인연…""귀엽고 밝아"" ('전현무계획')",https://m.entertain.naver.com/ranking/article/312/0000743697,../data\20260110_article_1.txt,1100
1122,0,1064381,468,"김장훈, 미르 결혼식 사진 공개 논란…“가족들도 안 올리는데”",https://m.entertain.naver.com/ranking/article/468/0001203989,../data\20251222_article_2.txt,952
1251,0,1062798,108,"""차에서 19금 행위"" 폭로..박나래, 비난이 동정으로 바뀐 이유 [스타이슈]",https://m.entertain.naver.com/ranking/article/108/0003396992,../data\20260104_article_1.txt,27
1102,0,1057333,76,"‘32세’ 톱스타, 자택서 숨진 채 발견→부부 줄초상..안타까운 16주기",https://m.entertain.naver.com/ranking/article/076/0004357599,../data\20251220_article_2.txt,935
1381,0,1055492,76,"'미혼모' 사유리, 외국인 남편 깜짝 공개..혼혈 子와 똑닮아",https://m.entertain.naver.com/ranking/article/076/0004365678,../data\20260117_article_1.txt,1149
751,0,1052027,117,"‘미성년 성폭행’ 엑소 출신 크리스, 감옥서 장기적출당해 사망?[MD이슈](종합)",https://m.entertain.naver.com/ranking/article/117/0004008925,../data\20251115_article_1.txt,665
981,0,1051200,241,"[단독] “’나혼산’ 측, 사안 무겁게 받아들여”…박나래 오늘(7일) 2차 입장 발표",https://m.entertain.naver.com/ranking/article/241/0003482317,../data\20251208_article_1.txt,27
1212,0,1050952,312,"이경규, 박나래 저격 의혹 불거졌다…또 소신 발언 ""인성 좋아야, 별다른 인물 없어"" [SBS 연예대상]",https://m.entertain.naver.com/ranking/article/312/0000742523,../data\20251231_article_2.txt,1030
841,0,1044754,108,"80세 임현식, 농약 먹고 충격 응급실行..""정신 잃었다""[알토란]",https://m.entertain.naver.com/ranking/article/108/0003386510,../data\20251124_article_1.txt,738
1252,0,1040014,312,"박나래·키도 하차했는데…결국 대형사고 터졌다, ""연예인 병 걸려"" 폭로 ('놀토')",https://m.entertain.naver.com/ranking/article/312/0000742966,../data\20260104_article_2.txt,1053
1731,0,1037041,117,"[단독]조복래, 오늘(21일) 결혼식 연기… ""개인과 양가 사정""",https://m.entertain.naver.com/ranking/article/117/0004037254,../data\20260221_article_1.txt,1407
991,0,1031203,117,"""박나래, 월급 500만원+수익 10% 먼저 제안…약속 안지켜"" 女매니저들, 수억원 요구 전말 [MD이슈]",https://m.entertain.naver.com/ranking/article/117/0004016008,../data\20251209_article_1.txt,27
281,0,1029428,108,"신동, ""이혼했다"" 솔직 고백..15년 전 공개 프러포즈→결별 후폭풍 여전 [스타이슈]",https://m.entertain.naver.com/ranking/article/108/0003370512,../data\20250929_article_1.txt,244
1791,0,1027940,108,"카톡 깠다..""유키스 동호, 子한테 성매매시킨다고"" 전처 '충격 주장' [스타이슈]",https://m.entertain.naver.com/ranking/article/108/0003412107,../data\20260227_article_1.txt,1459
1691,0,1027861,108,"[단독]사과받았지만..최미나수 ""홍진경 '작작 하세요' 지적받을만해"" [인터뷰③]",https://m.entertain.naver.com/ranking/article/108/0003408743,../data\20260217_article_1.txt,1377
741,0,1026711,312,"'루미코♥' 김정민, 별거 2년 만에 이혼 통보 받았다…""기분 나쁘고 서운해"" ('각집부부')",https://m.entertain.naver.com/ranking/article/312/0000735825,../data\20251114_article_1.txt,657
1173,0,1024511,312,"야외 성관계 요구→연기력 논란…'700억 대작 참패' 박서준, 결국 또 쓴맛 봤다 [TEN스타필드]",https://m.entertain.naver.com/ranking/article/312/0000741956,../data\20251227_article_3.txt,995
401,0,1021083,312,"'정은채♥' 김충재, 기쁜 소식 전했다…공개 열애 1년 7개월 만에 '나혼산' 출격 [TEN이슈]",https://m.entertain.naver.com/ranking/article/312/0000731036,../data\20251011_article_1.txt,353
1591,0,1016126,108,"'케데헌' 루미 이재, 11월 결혼..'훈남' 예비 신랑은 샘 김 [스타이슈]",https://m.entertain.naver.com/ranking/article/108/0003406345,../data\20260207_article_1.txt,1298
1761,0,1015442,312,"""단순 여행으로 아시던데""…'음주 뺑소니' 김지수, 체코 생활 15개월 만에 입 열었다",https://m.entertain.naver.com/ranking/article/312/0000749095,../data\20260224_article_1.txt,1428
1762,0,1013550,410,홍상수·김민희 아들 벌써 돌 앞뒀다...송선미 사진 한 장에 관심 폭주,https://m.entertain.naver.com/ranking/article/410/0001113406,../data\20260224_article_2.txt,1432
1261,0,1004738,468,"故 안성기 장남 안다빈, 말 대신 사진 한장…아버지의 마지막을 기억하다",https://m.entertain.naver.com/ranking/article/468/0001206932,../data\20260105_article_1.txt,1060
1743,0,998204,311,"이준 ""내 허락 없이 반려견 안락사""…수의사 멱살 잡은 과거에 유선호 '당황' (워크맨)",https://m.entertain.naver.com/ranking/article/311/0001977465,../data\20260222_article_3.txt,1416
651,0,996222,312,"조째즈, 결국 고개 숙였다…女앵커에 ""정식으로 사과 드려"" ('데이앤나잇')",https://m.entertain.naver.com/ranking/article/312/0000734606,../data\20251105_article_1.txt,577
982,0,995355,468,"딘딘, 또 소신발언? ‘조폭 연루설’ 조세호에 일침…“이 정도면 출연료 낮춰야”",https://m.entertain.naver.com/ranking/article/468/0001200475,../data\20251208_article_2.txt,851
1532,0,990899,312,"린, 이수와 이혼 5개월 만에 기쁜 소식…4살 연하 男가수와 감정 주고받더니 '우승' ('불후')[종합]",https://m.entertain.naver.com/ranking/article/312/0000746525,../data\20260201_article_2.txt,1254
821,0,984743,311,"김우빈, ♥신민아와 결혼 이어 '복권 당첨' 겹경사…""베풀면 또"" (콩콩팡팡)",https://m.entertain.naver.com/ranking/article/311/0001944741,../data\20251122_article_1.txt,718
211,0,984053,312,"'새신랑' 김종국, ♥연하 아내 신상 공개했다…""휴가 내고 집에 있어, 단아하고 눈이 예쁜 분"" ('런닝맨') [종합]",https://m.entertain.naver.com/ranking/article/312/0000728783,../data\20250922_article_1.txt,184
511,0,980217,76,"'세 딸 입양' 진태현, ""왜 성인만 입양하냐"" 비판에 입 열었다...""우리의 방식""",https://m.entertain.naver.com/ranking/article/076/0004337079,../data\20251022_article_1.txt,453
1161,0,977700,76,"이영지, 뼈말라 된 이유였나…권은비와 투샷에 충격 ""말 안 되지 않아?""",https://m.entertain.naver.com/ranking/article/076/0004359095,../data\20251226_article_1.txt,983
1162,0,974456,109,"박위♥송지은, 결혼 1년 만에 드디어…""우리 부부에게 찾아온 소중한 선물"" [종합]",https://m.entertain.naver.com/ranking/article/109/0005452459,../data\20251226_article_2.txt,984
1792,0,973142,410,"“작품 뜸하더니...” 임주환, 쿠팡 물류센터 근무 목격담 확산",https://m.entertain.naver.com/ranking/article/410/0001113980,../data\20260227_article_2.txt,1460
1421,0,972457,76,"이진호 ""박나래 매니저 '뒷좌석 부적절 행위 폭로' 객관적 자료無→일방적 주장일뿐…'5억 있나' 확인 정황, 보도 인지하고 합의 시도"" 의혹 제기(연예뒤통령)",https://m.entertain.naver.com/ranking/article/076/0004366810,../data\20260121_article_1.txt,27
1652,0,971919,312,"조인성, 결국 사과했다…""경찰서서 연락 받아"", 현장서 따돌림 의혹도 ('하지영')[종합]",https://m.entertain.naver.com/ranking/article/312/0000747954,../data\20260213_article_2.txt,1345
251,0,968289,76,"서장훈, '탕웨이 닮은 재력가' 여친과 1년 연애 ""많이 사랑하는 사이"" ('마이턴')",https://m.entertain.naver.com/ranking/article/076/0004328002,../data\20250926_article_1.txt,219
1202,0,963123,213,"전현무, 결국 '나혼산' 대표로 고개 숙였다…""송구스러운 마음"" 사과 [MBC 방송연예대상]",https://m.entertain.naver.com/ranking/article/213/0001367785,../data\20251230_article_2.txt,1021
1,0,957021,312,"""사회는 유재석"" 김종국, ♥예비신부 정체 밝혔다…""방송 출연 NO, 나랑 완전 달라"" ('런닝맨')",https://m.entertain.naver.com/ranking/article/312/0000725821,../data\20250901_article_1.txt,1
851,0,952314,52,"[단독] 고원희, 2년 만에 결혼생활 마침표…법적 절차 없이 마무리",https://m.entertain.naver.com/ranking/article/052/0002277816,../data\20251125_article_1.txt,746
1163,0,950371,311,"'나혼산' 주사이모 초토화 속…김대호 ""뿌리 썩어 있어, 사람 필요 無"" 역술가 경고 (흙심인대호)",https://m.entertain.naver.com/ranking/article/311/0001956606,../data\20251226_article_3.txt,985
1522,0,949653,312,[공식] 강훈 ♥핑크빛 주인공 정체 밝혀졌다…상대는 11년 전 데뷔한 4살 연하 김혜준 ('최애의'),https://m.entertain.naver.com/ranking/article/312/0000746417,../data\20260131_article_2.txt,1246
1671,0,947520,312,"'48세' 최강희, 9살 연하 유명 배우와 핑크빛♥…""천생연분"" 집 데이트 포착 ('전참시')",https://m.entertain.naver.com/ranking/article/312/0000748183,../data\20260215_article_1.txt,1361
1042,0,945476,312,"달동네 2억집 싹 고쳤다더니…김대호, 알고보니 전종환이 은인이었다 ""내 인생 바꿔"" ('전참시')",https://m.entertain.naver.com/ranking/article/312/0000740056,../data\20251214_article_2.txt,891
742,0,945048,416,"엑소 中 멤버 출신 크리스, 교도소 복역 중 사망설 확산...""공식 발표 無""",https://m.entertain.naver.com/ranking/article/416/0000318636,../data\20251114_article_2.txt,658
12,0,944236,52,"[단독] 윤정수, 12살 연하 아내는 '광저우 여신' 원자현",https://m.entertain.naver.com/ranking/article/052/0002241108,../data\20250902_article_2.txt,12
861,0,938779,109,"31세 강서하, 위암 투병 끝 사망..진통제 복용하며 찍은 유작 스틸 공개",https://m.entertain.naver.com/ranking/article/109/0005437143,../data\20251126_article_1.txt,754
1132,0,937352,76,"조세호 '조폭 연루설' 새국면…8년 동거 개그맨 김주호 ""알바생이 조폭으로 둔갑""",https://m.entertain.naver.com/ranking/article/076/0004358213,../data\20251223_article_2.txt,957
1341,0,936886,109,"‘엄태웅♥’ 윤혜진, 이게 진짜 ‘뼈말라’..갈비뼈 드러난 비키니 ‘깜짝’",https://m.entertain.naver.com/ranking/article/109/0005461078,../data\20260113_article_1.txt,1123
252,0,936843,76,"'정호연과 9년 연애후 결별' 이동휘 ""결혼 빨리 하려했지만..이젠 늦었다""(조째즈)",https://m.entertain.naver.com/ranking/article/076/0004328223,../data\20250926_article_2.txt,220
1511,0,934959,76,"김지민♥김준호, 결혼 6개월 만에 2세 태명 발표 ""아들 김조식, 딸 김석식""",https://m.entertain.naver.com/ranking/article/076/0004369823,../data\20260130_article_1.txt,1236
1744,0,930026,108,"'반올림' 故 성인규, 흉선암 투병 중 24세로 사망..오늘(22일) 13주기",https://m.entertain.naver.com/ranking/article/108/0003410135,../data\20260222_article_4.txt,1417
1123,0,928784,117,"[공식] 신민아·김우빈, 세기의 결혼 본식 사진 공개…눈부신 웨딩마치",https://m.entertain.naver.com/ranking/article/117/0004019730,../data\20251222_article_3.txt,953
1231,0,924922,312,"49禁 발언 또 터졌다…이현이, ♥남편 S전자 부장이라더니 ""직선 발사 모유→중전 골반"" 충격 고백 ('비서진')",https://m.entertain.naver.com/ranking/article/312/0000742755,../data\20260102_article_1.txt,1043
1491,0,922271,109,"[단독] '개그맨 23호 부부' 하준수♥안가연, 결혼 1년 만에 큰 축복…7월 딸 출산",https://m.entertain.naver.com/ranking/article/109/0005468859,../data\20260128_article_1.txt,1223
1321,0,917668,108,"'모범택시' 이윤희, 갑작스러운 사망 ""지병도 없었다""..오늘(11일) 1주기",https://m.entertain.naver.com/ranking/article/108/0003398894,../data\20260111_article_1.txt,1108
1164,0,917013,108,"박나래·키가 '쑥대밭' 만든 '나혼산', 서울대 출신 女배우가 살렸다..""'실명' 길냥이 입양"" [스타이슈]",https://m.entertain.naver.com/ranking/article/108/0003394949,../data\20251226_article_4.txt,986
1582,0,916583,312,"[종합] 조인성, 결국 또 소신 발언 나섰다…""도와주는 것도 중요하지만"" ('하지영')",https://m.entertain.naver.com/ranking/article/312/0000747109,../data\20260206_article_2.txt,1290
1213,0,911171,312,"김구라, 인성 논란 불거졌다…신봉선 수상 소식에 ""프로그램 끝난다고 막 주는구나"" [MBC연예대상]",https://m.entertain.naver.com/ranking/article/312/0000742416,../data\20251231_article_3.txt,1031
1481,0,909484,312,"[공식] '전과 6범' 임성근은 논란 됐는데…'흑백요리사' 유명 셰프, 여전히 잘 나간다 '밥상의 발견' 합류",https://m.entertain.naver.com/ranking/article/312/0000745779,../data\20260127_article_1.txt,1211
1801,0,909137,108,"44kg 감량 그 후..김신영, '요요' 충격 근황 [아는형님]",https://m.entertain.naver.com/ranking/article/108/0003412539,../data\20260228_article_1.txt,1468
351,0,908738,76,"김숙 ""사실 담배 못 끊었다...'노담' 외칠 때마다 양심의 가책"" 폭탄 발언 ('도라이버')",https://m.entertain.naver.com/ranking/article/076/0004331801,../data\20251006_article_1.txt,311
1312,0,903622,76,"김성환, 故 송대관에 10억 빌려준 후 난처한 상황 ""힘들고 어려울 때 많아""",https://m.entertain.naver.com/ranking/article/076/0004363368,../data\20260110_article_2.txt,1101
1262,0,903045,312,"'동갑내기♥' 나르샤, 결혼 11년 차에 안타까운 소식 전해졌다…얼굴 맞고 부상 당해 위기 ('스파이크워')",https://m.entertain.naver.com/ranking/article/312/0000743037,../data\20260105_article_2.txt,1061
1011,0,903003,241,"조세호, 방송 하차까지 했는데… 이번엔 ‘부부사진’ 폭로? [왓IS]",https://m.entertain.naver.com/ranking/article/241/0003483017,../data\20251211_article_1.txt,869
1032,0,902069,109,송지효 '8년 열애' 아무도 몰랐다…'런닝맨' 현장 패닉,https://m.entertain.naver.com/ranking/article/109/0005446430,../data\20251213_article_2.txt,884
1551,0,901785,312,0%대 최저 시청률 찍었다…음주운전 대체 투입→파격 베드신에도 아쉬운 수치 ('아기가')[종합],https://m.entertain.naver.com/ranking/article/312/0000746673,../data\20260203_article_1.txt,1269
1763,0,898560,410,"“이쯤 되면 상습적” 공공도서 훼손 논란 김지호, 과거 인증샷까지 파묘되며 비판 확산",https://m.entertain.naver.com/ranking/article/410/0001113442,../data\20260224_article_3.txt,1433
481,0,896400,311,"김구라, 금 투자 대박났다…""♥아내 덕에 1억→3억 4천 돼"" (그리구라)",https://m.entertain.naver.com/ranking/article/311/0001930537,../data\20251019_article_1.txt,426
221,0,893569,415,"35세 심으뜸, 딩크족 선언 ""아이 때문에 매일 아침 기상, 너무 힘들어""",https://m.entertain.naver.com/ranking/article/415/0000041506,../data\20250923_article_1.txt,192
491,0,890533,609,"친동생 양세찬도 몰랐다…양세형, ♥안무가와 2년째 열애 중 “댄스팀 Y 소속” (런닝맨)[결정적장면]",https://m.entertain.naver.com/ranking/article/609/0001048554,../data\20251020_article_1.txt,436
1712,0,888949,117,"박나래 ""좋은 대학 나온 전현무와 고졸인 나도 대상 받아""[MD이슈]",https://m.entertain.naver.com/ranking/article/117/0004036610,../data\20260219_article_2.txt,1337
1461,0,888158,312,"곽튜브, '♥5살 연하'와 결별했다…결혼 3개월 만에 충격 ""과거 헤어졌다 재회"" ('아형')",https://m.entertain.naver.com/ranking/article/312/0000745552,../data\20260125_article_1.txt,1200
253,0,886859,382,"‘시한부’ 송선미, 폐암 말기→자립청소년에 500만 원 요구…수상해 (생명의 은인)",https://m.entertain.naver.com/ranking/article/382/0001226396,../data\20250926_article_3.txt,221
1492,0,886277,108,"'이혼' 박지윤·최동석, 상간 맞소송 판결 선고..""이성과의 부정행위 없었다"" 주장",https://m.entertain.naver.com/ranking/article/108/0003403698,../data\20260128_article_2.txt,1224
1152,0,883668,468,"기안84, 웃자고 한 말이었는데…“가정 방문 야매치료사 같다” 발언 재소환",https://m.entertain.naver.com/ranking/article/468/0001204754,../data\20251225_article_2.txt,976
941,0,883454,213,"사유리, '결혼→임신' 동시 발표…상대는 '2년 열애' 비연예인 [룩@글로벌]",https://m.entertain.naver.com/ranking/article/213/0001364157,../data\20251204_article_1.txt,823
1672,0,879987,312,"연예계 ♥핑크빛 또 터졌다…주인공은 이미주, 결별 1년 만에 ""울며불며 사귀어 달라고"" ('아근진')",https://m.entertain.naver.com/ranking/article/312/0000748288,../data\20260215_article_2.txt,1362
501,0,879255,312,"박수칠 때 떠난다더니…기안84, 제대로 사고쳤다 '나 혼자 산다' 최고 시청률 견인 [TEN이슈]",https://m.entertain.naver.com/ranking/article/312/0000732432,../data\20251021_article_1.txt,445
791,0,878537,477,"[단독]에이프릴 윤채경♥이용대, 열애 중…이혼 7년 만에 찾은 새 사랑",https://m.entertain.naver.com/ranking/article/477/0000580271,../data\20251119_article_1.txt,699
762,0,875727,76,"한혜진, 숨겨온 가족사 첫 고백…母 ""어릴 때부터 무겁게 짊어진 아이""",https://m.entertain.naver.com/ranking/article/076/0004346890,../data\20251116_article_2.txt,676
1802,0,874719,312,"'8살 연하' 윤채경, 돌싱 ♥이용대와 열애설 3개월 만에 마침내 활짝 웃었다…드라이브에 여행까지",https://m.entertain.naver.com/ranking/article/312/0000749744,../data\20260228_article_2.txt,699
964,0,872052,109,조세호 결국 SNS댓글창 폐쇄… ‘조폭=지인’ 인정에 '악플' 쇄도 [핫피플],https://m.entertain.naver.com/ranking/article/109/0005442542,../data\20251206_article_4.txt,837
621,0,871478,108,"김종민, 결혼 6개월만에 들려온 2세 소식..""내년 2월 6월 새 생명"" [스타이슈][살림남]",https://m.entertain.naver.com/ranking/article/108/0003380627,../data\20251102_article_1.txt,550
591,0,869112,76,"'52세' 이상민, 재혼 6개월만에 기쁜 소식...""딸·아들 상관없이 아내 닮았으면""",https://m.entertain.naver.com/ranking/article/076/0004340664,../data\20251030_article_1.txt,524
1103,0,866346,109,"박나래 前매니저, 마약류 의혹 속 약봉지 공개…주사이모 “中의사” 주장 ‘팽팽’",https://m.entertain.naver.com/ranking/article/109/0005449937,../data\20251220_article_3.txt,936
1803,0,865331,16,"“여친 폭행하고 임신시켰다” 김현중, 10년만에 심경…“연예인 무죄는 무죄 아냐”",https://m.entertain.naver.com/ranking/article/016/0002606523,../data\20260228_article_3.txt,1469
1361,0,864726,109,"""난 사랑에 미친X"" 박나래, 전 남친 정체 공개..'경영학과 출신' 논란 [Oh!쎈 이슈]",https://m.entertain.naver.com/ranking/article/109/0005462593,../data\20260115_article_1.txt,27
1603,0,864622,312,"""갑상선암 의심"" 박서진, 결국 안타까운 소식 알렸다…완치 2년 만에 또, ""母 목소리 안 나와"" ('살림남')",https://m.entertain.naver.com/ranking/article/312/0000747331,../data\20260208_article_3.txt,1308
561,0,862168,312,"'47세' 전현무, 방송 사상 최초 일냈다…""심각성 모르고 있었어"" ('사당귀')",https://m.entertain.naver.com/ranking/article/312/0000733226,../data\20251027_article_1.txt,493
1621,0,861195,213,"[단독] '장범준 버스킹 원년 멤버' 박경구, 지난 7일 별세…향년 38세",https://m.entertain.naver.com/ranking/article/213/0001373386,../data\20260210_article_1.txt,1323
492,0,860981,109,"'모친상' 서장훈, 연달아 가족 잃은 비보 전했다..'눈물+오열' ('미우새')",https://m.entertain.naver.com/ranking/article/109/0005413939,../data\20251020_article_2.txt,437
381,0,859849,477,"전진♥류이서, 결혼 5년만에 딩크 탈출 ""아이 성인되면 70살""('A급장영란')",https://m.entertain.naver.com/ranking/article/477/0000572766,../data\20251009_article_1.txt,335
1661,0,859465,445,"유명 싱어송라이터, 미성년자 살인 혐의... 가족들은 증인 소환 '거부'",https://m.entertain.naver.com/ranking/article/445/0000384963,../data\20260214_article_1.txt,1353
1113,0,857538,311,"'링거 해명' 전현무, 다 내려놨다…""올해 대상 글러"" 병풍 인정 [2025 KBS 연예대상]",https://m.entertain.naver.com/ranking/article/311/0001955006,../data\20251221_article_3.txt,943
1104,0,854345,312,우수수 하차하더니 '나혼산' 결국 새 멤버 공개했다…주인공은 2년차 MBC 아나운서,https://m.entertain.naver.com/ranking/article/312/0000740946,../data\20251220_article_4.txt,928
1221,0,854015,312,"[종합] ""대상 2명 줬다가 욕 먹어"" 이제훈은 무슨 죄…최우수상만 8명, 공동 수상 남발에 추락한 권위 ('SBS연기대상')",https://m.entertain.naver.com/ranking/article/312/0000742703,../data\20260101_article_1.txt,1037
1681,0,852268,410,"‘결혼’ 최준희, 외할머니 주거침입 신고 그날…옆엔 11살 연상 예비신랑",https://m.entertain.naver.com/ranking/article/410/0001112506,../data\20260216_article_1.txt,1369
1692,0,851917,445,김준현 '팬 무시' 논란 시끌시끌…이중적 태도 저격글 확산 [MHN이슈],https://m.entertain.naver.com/ranking/article/445/0000385646,../data\20260217_article_2.txt,1378
512,0,850957,76,"'15개월 아들상' 박보미, ""품안에서 아들 몸 경직...축 늘어져"" 안타까운 고백",https://m.entertain.naver.com/ranking/article/076/0004337140,../data\20251022_article_2.txt,454
1673,0,850103,108,"정은채♥김충재, 공개 열애 3년차에 럽스타그램..박수에 하트로 애정 [스타이슈]",https://m.entertain.naver.com/ranking/article/108/0003408360,../data\20260215_article_3.txt,1363
1174,0,849566,76,"오윤아, 성인된 발달장애 아들 희소식 ""피지컬 좋으니 가능성 있다고"" ('Oh!윤아')",https://m.entertain.naver.com/ranking/article/076/0004359481,../data\20251227_article_4.txt,996
1592,0,847653,445,"'도깨비' 故 고수정, 뇌종양으로 세상 떠났다… 벌써 6년 지나",https://m.entertain.naver.com/ranking/article/445/0000383360,../data\20260207_article_2.txt,1299
254,0,843600,312,"[종합] 서장훈, 1년째 ♥열애 중이었다…상대는 중국인 재력가 ""사귄 지 좀 돼"" ('마이턴')",https://m.entertain.naver.com/ranking/article/312/0000729408,../data\20250926_article_4.txt,219
965,0,842359,433,"[단독] ""주사이모는, 링거왕""…박나래, 불법의료 증거들",https://m.entertain.naver.com/ranking/article/433/0000123417,../data\20251206_article_5.txt,838
1402,0,841054,477,"배우 우창수, 갑작스러운 별세…향년 51세 ""넘치도록 아름다운 삶""",https://m.entertain.naver.com/ranking/article/477/0000589430,../data\20260119_article_2.txt,1161
973,0,839798,213,"이혜정, 아들과 절연 ""먼지로도 나타나지 말라고…CCTV도 달아"" ('동치미') [종합]",https://m.entertain.naver.com/ranking/article/213/0001364525,../data\20251207_article_3.txt,846
842,0,839550,311,"답례품만? 이장우 결혼식, ♥조혜원 부케도 '호두과자 부케'였다 [엑's 이슈]",https://m.entertain.naver.com/ranking/article/311/0001945109,../data\20251124_article_2.txt,739
1561,0,837939,213,"남편 月 천만 원 버는데…아내는 ""교회 주 5회·집 청소 0회"" ('이호선 상담소') [종합]",https://m.entertain.naver.com/ranking/article/213/0001372620,../data\20260204_article_1.txt,1277
411,0,835839,312,"5.3%→3.0% 시청률 급락에도…이서진, 결국 '나혼산' 못 이겼다 ('비서진')[종합]",https://m.entertain.naver.com/ranking/article/312/0000731083,../data\20251012_article_1.txt,362
502,0,835210,609,"39세 배우, 교통사고로 갑작스러운 사망‥소속사 측 “믿을 수 없어”",https://m.entertain.naver.com/ranking/article/609/0001048756,../data\20251021_article_2.txt,438
661,0,834070,312,"박미선, 짧은 머리로 '유퀴즈' 등장…""생존신고하러 왔다""",https://m.entertain.naver.com/ranking/article/312/0000734786,../data\20251106_article_1.txt,585
681,0,831192,421,"[단독] 차인표♥신애라, 며느리 본다…子 차정민, 대기업 前임원 딸과 29일 결혼",https://m.entertain.naver.com/ranking/article/421/0008591724,../data\20251108_article_1.txt,603
1512,0,830292,312,"20대 유명 남배우, 공식석상서 돌연 폭로…""tvN 제작진, 박보검에게 머리 잘려"" ('매직컬')",https://m.entertain.naver.com/ranking/article/312/0000746266,../data\20260130_article_2.txt,1237
952,0,830095,144,"조세호, 조직폭력배와 친분에 고가 선물?…소속사 “사실무근”[공식]",https://m.entertain.naver.com/ranking/article/144/0001084310,../data\20251205_article_2.txt,831
1022,0,829087,477,"[단독]샤이니 키, 오늘(12일) '나혼산' 불참 ""주사이모 관련 無, 미국 투어 스케줄""",https://m.entertain.naver.com/ranking/article/477/0000583705,../data\20251212_article_2.txt,876
921,0,823756,311,"'이경실 딸' 손수아, 파격 세미누드 화보 공개…전신 골드 글리터 [★해시태그]",https://m.entertain.naver.com/ranking/article/311/0001948010,../data\20251202_article_1.txt,802
461,0,823339,311,"아내 유출한 김종국, 6일만에 입 열었다…""된통 꼬이고 억울, 어처구니 없다"" [전문]",https://m.entertain.naver.com/ranking/article/311/0001929635,../data\20251017_article_1.txt,406
1023,0,821409,312,"조세호, 결국 사과했다…""용서해주세요"" 발언, 유재석도 '웃음' ('유퀴즈')",https://m.entertain.naver.com/ranking/article/312/0000739833,../data\20251212_article_3.txt,877
1732,0,820913,410,"‘이진욱·지드래곤급 여유’ 박나래, 너무 당당했던 출석에 누리꾼 갑론을박",https://m.entertain.naver.com/ranking/article/410/0001113043,../data\20260221_article_2.txt,27
311,0,820043,311,"김나영♥마이큐 재혼 발표 영상 돌연 삭제됐다…""많은 응원+축하 감사"" [공식]",https://m.entertain.naver.com/ranking/article/311/0001924593,../data\20251002_article_1.txt,272
1622,0,819427,108,"'발기부전'도 깠는데, ""한 남자""?..전현무, 박나래 '주사이모'에 머리채 잡혔다 '날벼락' [스타이슈]",https://m.entertain.naver.com/ranking/article/108/0003407023,../data\20260210_article_2.txt,1324
953,0,819274,241,[왓IS] 박나래 “그만 두더니 마음 아파”…‘갑질 의혹’ 공식 입장은 언제,https://m.entertain.naver.com/ranking/article/241/0003482004,../data\20251205_article_3.txt,27
421,0,818477,312,"윤민수 전처, 이혼 이유 밝혔다…""기다리는 것 힘들더라, 지금이 자유로워"" ('미우새')",https://m.entertain.naver.com/ranking/article/312/0000731189,../data\20251013_article_1.txt,372
901,0,816938,109,"섀넌 도허티, 유방암 전이로 사망...'하루 전 이혼' 전 남편과 법적 분쟁 [Oh!llywood]",https://m.entertain.naver.com/ranking/article/109/0005439146,../data\20251130_article_1.txt,788
503,0,810578,76,"'35세' 서하얀, 사업 대박났다...백화점 입점에 ♥임창정도 출동 ""외조하러""",https://m.entertain.naver.com/ranking/article/076/0004336606,../data\20251021_article_3.txt,446
1133,0,810289,477,"시가 피는 김대호, 실내 흡연 인증…""눈치 챙겨"" vs ""문제 없다""",https://m.entertain.naver.com/ranking/article/477/0000585397,../data\20251223_article_3.txt,961
1583,0,809976,76,"티파니, '♥변요한과 결혼 발표' 달라진 얼굴...물오른 예비신부 미모",https://m.entertain.naver.com/ranking/article/076/0004371919,../data\20260206_article_3.txt,1293
1051,0,807995,108,"""감금에 부엌 칼..그냥 살고 싶었습니다"" AOMG 女래퍼, '데이트 폭력' 피해 호소 [스타이슈]",https://m.entertain.naver.com/ranking/article/108/0003392286,../data\20251215_article_1.txt,898
1313,0,807369,117,"울며불며 걱정… 박나래, 전 매니저와 반전 통화 녹취 공개[MD이슈]",https://m.entertain.naver.com/ranking/article/117/0004025163,../data\20260110_article_3.txt,27
1745,0,807176,312,"조세호, 3주 만에 초고속 복귀했다…""사과해요"" 일갈에 싸늘해진 표정 ('도라이버')",https://m.entertain.naver.com/ranking/article/312/0000748853,../data\20260222_article_5.txt,1418
1571,0,806142,117,"[단독] 신동엽 ""딸 서울대 간다. 열심히 해줘 너무 고마워"" (인터뷰)",https://m.entertain.naver.com/ranking/article/117/0004032705,../data\20260205_article_1.txt,133
2,0,805039,108,"""사실이 아니길 바라지만""..고경표, 서울시 향해 소신발언 [스타이슈]",https://m.entertain.naver.com/ranking/article/108/0003361494,../data\20250901_article_2.txt,2
1352,0,804961,312,"30대 유명 연예인, 충격적인 가정사 고백…""트렁크에 숨어 데려가 달라고 울어"" ('살림남')[종합]",https://m.entertain.naver.com/ranking/article/312/0000744209,../data\20260114_article_2.txt,1130
1772,0,804735,477,이병헌♥이민정 아들 이준후 얼굴 공개됐다…엄마·아빠 쏙 빼닮아,https://m.entertain.naver.com/ranking/article/477/0000594907,../data\20260225_article_2.txt,1441
852,0,804542,312,"[공식] 이동휘, 정호연과 결별 1년 만에 기쁜 소식…10살 연하 여배우와 ♥로맨스 호흡 ('양파수프')",https://m.entertain.naver.com/ranking/article/312/0000737292,../data\20251125_article_2.txt,747
1781,0,804533,311,"신동 ""부모와 연락 끊었다, 母 투자 실패로 전재산 날려"" 첫 고백…결혼 언급도 [엑's 이슈]",https://m.entertain.naver.com/ranking/article/311/0001979022,../data\20260226_article_1.txt,1450
1302,0,804326,312,"'33세' 유라, 2살 연상 유명 배우와 핑크빛♥…오랜 인연 결실, 캠핌장 데이트 포착 ('유라유라해')",https://m.entertain.naver.com/ranking/article/312/0000743529,../data\20260109_article_2.txt,1092
1393,0,802017,109,"“난 사랑에 빠졌다” 현직 변호사 “박나래, 차량내 성행위…괴롭힘 판단 여지 있다”[Oh!쎈 이슈]",https://m.entertain.naver.com/ranking/article/109/0005464042,../data\20260118_article_3.txt,27
1773,0,801855,241,"김규리, 이하늘·정재용 식당 ‘영업정지 2개월 처분’ 소문에 “악플 자료 넘길 것”",https://m.entertain.naver.com/ranking/article/241/0003496083,../data\20260225_article_3.txt,1442
132,0,801186,312,"[단독] ""8년 전 안양예고서 신예은 보고 첫눈에 ♥반해""…이원정, 7년 차에 뜻깊은 호흡 [인터뷰①]",https://m.entertain.naver.com/ranking/article/312/0000727665,../data\20250914_article_2.txt,113
1271,0,798309,312,"공식 석상서 어버버…9년 차 여배우 왜 이러나, 신인 아닌 신예의 '머뭇머뭇' [TEN현장]",https://m.entertain.naver.com/ranking/article/312/0000743146,../data\20260106_article_1.txt,1067
1604,0,798265,468,"홍진경, 딸 라엘 성형 의혹에 “가짜의 삶, 미성년자 딸 턱 깎아준 엄마 돼”",https://m.entertain.naver.com/ranking/article/468/0001215696,../data\20260208_article_4.txt,1309
1482,0,797412,468,"“택시서 신발 신고...” 전소미, ‘선 넘은 인증샷’에 공중도덕 논란",https://m.entertain.naver.com/ranking/article/468/0001212702,../data\20260127_article_2.txt,1216
1092,0,795152,76,"'공개 열애 2번' 전현무, 타투女와 교제 사실상 인정…""타투 위치는 알아서 생각해라""",https://m.entertain.naver.com/ranking/article/076/0004357026,../data\20251219_article_2.txt,926
1033,0,794378,241,"[단독] 변요한♥티파니 영, 부부된다… 내년 가을 결혼",https://m.entertain.naver.com/ranking/article/241/0003483264,../data\20251213_article_3.txt,885
571,0,793155,311,"'홍현희♥' 제이쓴, 아들 입던 옷 구독자들에 팔았다…""무조건 저렴하게""",https://m.entertain.naver.com/ranking/article/311/0001934231,../data\20251028_article_1.txt,504
1674,0,787908,445,"'박위♥' 송지은, 잘 사는 줄 알았는데…""혼자만의 시간 필요해""",https://m.entertain.naver.com/ranking/article/445/0000385303,../data\20260215_article_4.txt,1364
1272,0,786790,312,"박나래 절친인데…김지민, 결국 소신 발언했다 ""돈 문제 엮이면 다 망해"" ('사이다')[종합]",https://m.entertain.naver.com/ranking/article/312/0000743147,../data\20260106_article_2.txt,1068
1222,0,784325,312,"권민아, 새해 첫날 ""안녕히 계세요"" 남긴 후 아쉬움 토로…""양치기 소녀 돼버렸다""",https://m.entertain.naver.com/ranking/article/312/0000742708,../data\20260101_article_2.txt,1038
91,0,783442,312,"[단독] 김종국, 18년 일한 매니저와 이별…GD 소속사엔 현장 매니저만 이적",https://m.entertain.naver.com/ranking/article/312/0000727246,../data\20250910_article_1.txt,76
332,0,782854,117,"'용준형♥' 현아, 임신설 의식했나 ""많이 쳐먹었잖아…뼈말라 좋아했잖아""",https://m.entertain.naver.com/ranking/article/117/0003994790,../data\20251004_article_2.txt,293
412,0,782617,144,"‘태양♥’ 민효린, 근황 공개됐다···후덕해진 비주얼 ‘눈길’",https://m.entertain.naver.com/ranking/article/144/0001072667,../data\20251012_article_2.txt,363
622,0,780687,311,"문가비, 정우성 子 사진 공개 후 댓글창 폐쇄…""자유""vs""조심"" 갑론을박 [엑's 이슈]",https://m.entertain.naver.com/ranking/article/311/0001937012,../data\20251102_article_2.txt,551
333,0,777382,76,"'대세' 이수지, 매니저 갑질 논란 터졌다...""차량서 순대국 국물 좀 먹어 줘""",https://m.entertain.naver.com/ranking/article/076/0004331470,../data\20251004_article_3.txt,294
1793,0,776526,445,"임주환, 쿠팡 물류센터 목격담 사실이었다…""진짜 열심히 하더라"" [공식]",https://m.entertain.naver.com/ranking/article/445/0000387781,../data\20260227_article_3.txt,1461
1733,0,775957,312,"[공식] '조은정♥' 소지섭, 새 가족 생겼다…5년 만에 결별 후 기쁜 소식, ""서지혜 행보 전폭 지원""",https://m.entertain.naver.com/ranking/article/312/0000748756,../data\20260221_article_3.txt,1401
1114,0,775957,477,"""욕심은 화 불러"" 박미선, 암투병 중 '공동구매' 장사에 쏟아진 우려",https://m.entertain.naver.com/ranking/article/477/0000584975,../data\20251221_article_4.txt,944
1043,0,775662,312,"티파니 ""♥변요한과 첫 키스 후 입술 퉁퉁 부어""→""뜨거운 사람"" 인터뷰 재조명 [TEN이슈]",https://m.entertain.naver.com/ranking/article/312/0000740083,../data\20251214_article_3.txt,892
1662,0,774416,76,"김남일, 강남 햄버거집 오픈 세 달 만 적자 ""하루 30만원 팔려 짜증""",https://m.entertain.naver.com/ranking/article/076/0004374693,../data\20260214_article_2.txt,1354
572,0,772973,76,"‘현대家 사돈’ 백지연, 유독가스 흡입 응급실行 “자책·자괴감에 힘들어”",https://m.entertain.naver.com/ranking/article/076/0004339451,../data\20251028_article_2.txt,505
334,0,772809,108,"유고운 PD 사망, 권고사직 퇴사→호스피스 병동서 떠났다..난소암 투병 중 비보",https://m.entertain.naver.com/ranking/article/108/0003372167,../data\20251004_article_4.txt,295
1034,0,772476,76,"빅뱅 대성, 결국 키에 일침 날렸다 ""가요계 망가져, 혼쭐내려 했다""(놀토)",https://m.entertain.naver.com/ranking/article/076/0004355459,../data\20251213_article_4.txt,886
1734,0,771437,109,"고원희, 사실혼 2년만에 파경…이혼 후 반지까지 끼고 한복 입었다",https://m.entertain.naver.com/ranking/article/109/0005481000,../data\20260221_article_4.txt,1408
551,0,771051,117,"'지방시' 후계자♥정다혜, 한국적 결혼식 답례품…""보자기+노리개 포장 양초""",https://m.entertain.naver.com/ranking/article/117/0004001736,../data\20251026_article_1.txt,487
1382,0,768350,117,"""산책하자더니…"" 소속 배우 성폭행 혐의, 연예기획사 대표 체포",https://m.entertain.naver.com/ranking/article/117/0004027251,../data\20260117_article_2.txt,1150
1782,0,767427,213,"전원주, '카페서 3인 1잔'…제작진 해명에도 여론 악화 가속",https://m.entertain.naver.com/ranking/article/213/0001375346,../data\20260226_article_2.txt,1451
931,0,764957,312,"[공식] 유재석 말이 맞았다…문제 없을거라더니 ""4개월 만에 시즌4로 귀환"" ('틈만나면')",https://m.entertain.naver.com/ranking/article/312/0000738458,../data\20251203_article_1.txt,814
1783,0,764539,445,"배우 이켠, 베트남에서 부상 피해→ 긴급 '한국 行'…""봉변 당해""",https://m.entertain.naver.com/ranking/article/445/0000387365,../data\20260226_article_3.txt,1452
1422,0,764490,311,"'레즈비언' 김규진 ""♥마취과 의사 아내 대신 출산…딸은 이성애자인 듯"" (육퇴클럽)",https://m.entertain.naver.com/ranking/article/311/0001965812,../data\20260121_article_2.txt,1171
1611,0,764224,468,‘15억 사기’ 양치승 “청담동서 수영장·골프장 관리하며 제2의 인생”,https://m.entertain.naver.com/ranking/article/468/0001216035,../data\20260209_article_1.txt,1314
1281,0,764112,109,정형돈 “모친상에도 아내는 하와이?” 분노..“잘 사는 가정 난도질” (뭉친TV),https://m.entertain.naver.com/ranking/article/109/0005458047,../data\20260107_article_1.txt,1076
522,0,762607,477,"박봄 측 ""모든 활동 중단하고 치료 전념, 고소장 접수된 적 없어""[공식]",https://m.entertain.naver.com/ranking/article/477/0000575475,../data\20251023_article_2.txt,462
853,0,757658,108,"""무례 예고..'무도' 해봐서 알잖아"" 이이경 '카톡'도 공개, 심은경에 '면치기 양해' 구했었다 [스타이슈]",https://m.entertain.naver.com/ranking/article/108/0003386659,../data\20251125_article_3.txt,720
992,0,757103,312,"'급성 심근경색' 김수용 ""주식으로 평생 벌 거 다 벌어…수익 나고 딱 끊었다"" ('조동아리')[종합]",https://m.entertain.naver.com/ranking/article/312/0000739300,../data\20251209_article_2.txt,857
422,0,756594,76,"임채무, '빚 190억' 두리랜드 직원들 내부 폭로 터졌다...""잔소리 폭격기""",https://m.entertain.naver.com/ranking/article/076/0004333541,../data\20251013_article_2.txt,373
1291,0,755229,76,"김지민도 '갑질' 피해자였나 ""겨우 쉬는 날 불러내 셔틀처럼 움직여""",https://m.entertain.naver.com/ranking/article/076/0004362926,../data\20260108_article_1.txt,1085
1044,0,749310,117,"""해명 뒤집히나?"" 박나래, '주사이모' 발각되자 ""회사에 비밀로"" 입단속 정황[MD이슈]",https://m.entertain.naver.com/ranking/article/117/0004017421,../data\20251214_article_4.txt,893
1804,0,747495,410,“고소영은 장씨 아니다”…무속인 돌직구에 눈물 “가정주부 팔자 아냐”,https://m.entertain.naver.com/ranking/article/410/0001114150,../data\20260228_article_4.txt,1470
482,0,747190,312,"유재석, ♥나경은과 부부 사생활 공개했다…""키스할 때도 안경 안 벗어""('놀뭐')",https://m.entertain.naver.com/ranking/article/312/0000732166,../data\20251019_article_2.txt,427
1513,0,745731,108,"""가수 신 씨, 공연선급금 20억 빼돌려 美 원정도박..차 회장이 대신 갚아"" 충격 보도 [스타이슈]",https://m.entertain.naver.com/ranking/article/108/0003404287,../data\20260130_article_3.txt,1238
1001,0,743629,241,조폭친분 폭로 A씨 “조세호 결단에 박수…추가 폭로 안할 것” [왓IS],https://m.entertain.naver.com/ranking/article/241/0003482627,../data\20251210_article_1.txt,27
1713,0,743047,109,"이천수, 사기 혐의 논란 딛고..14년 만에 ♥심하은 결혼기념일 ""신행도 못 가봐""",https://m.entertain.naver.com/ranking/article/109/0005479904,../data\20260219_article_3.txt,1393
1142,0,742588,108,"입짧은햇님 다이어트약, 마약류 맞았다..""우울증·사망 가능성"" 현직 약사 경고 [스타이슈]",https://m.entertain.naver.com/ranking/article/108/0003394418,../data\20251224_article_2.txt,968
3,0,737204,311,"윤민수, 이혼사유 고백…""일반적인 아빠 아냐"" 윤후 속마음 묻고 '후회' (미우새)[종합]",https://m.entertain.naver.com/ranking/article/311/0001911507,../data\20250901_article_3.txt,3
1362,0,736737,468,"“호텔인 줄”…‘둘째 득녀’ 조정석, ♥거미와 사는 집 최초 공개",https://m.entertain.naver.com/ranking/article/468/0001209689,../data\20260115_article_2.txt,1136
1623,0,735941,468,‘15억 사기’ 양치승 “청담동서 수영장·골프장 관리하며 제2의 인생”,https://m.entertain.naver.com/ranking/article/468/0001216035,../data\20260210_article_3.txt,1314
1012,0,734441,109,"김규리, '미인도' 19금 파격 노출의 전말 ""가슴·엉덩이 대역 다 거절"" (노빠꾸)",https://m.entertain.naver.com/ranking/article/109/0005445309,../data\20251211_article_2.txt,870
711,0,732922,108,"진태현, 마라톤 출전 중 트럭에 치여 뇌사 상태 빠진 20대 사고에 목소리  ""답답하고 먹먹""",https://m.entertain.naver.com/ranking/article/108/0003383288,../data\20251111_article_1.txt,630
1751,0,732402,396,"""박나래, 극도로 불안해 일상 불가능할 지경…머리털 한 움큼 이상 빠져""",https://m.entertain.naver.com/ranking/article/396/0000736346,../data\20260223_article_1.txt,1423
966,0,731065,76,"조진웅 ‘소년범’ 인정하자 동창 추정 글 줄소환 “원준아, 그때 일 기억하나?”",https://m.entertain.naver.com/ranking/article/076/0004353467,../data\20251206_article_6.txt,839
1165,0,731039,312,"김영희, 극단적 선택 시도하려 했다…""이미지 추락, 똥밭 걷기 시작해"" ('말자쇼')",https://m.entertain.naver.com/ranking/article/312/0000741862,../data\20251226_article_5.txt,987
1552,0,730966,312,"[공식] 김유미, 6년 만에 결별했다…♥정우와 결혼 11년 차에 FA로, ""그동안 감사해""",https://m.entertain.naver.com/ranking/article/312/0000746825,../data\20260203_article_2.txt,1270
462,0,730366,312,"'47세' 이태곤, 안타까운 소식 전했다…""아이 낳는 게 망설여져, 자주 깜박하기도"" ('건강히어로')",https://m.entertain.naver.com/ranking/article/312/0000731811,../data\20251017_article_2.txt,407
282,0,728172,311,"'충즈' 충주맨, 결국 활동 중단 ""수익금 미정산+지속적 주말 동원…소속사와 분쟁""",https://m.entertain.naver.com/ranking/article/311/0001923141,../data\20250929_article_2.txt,245
1062,0,727857,312,"혜리, 우태와 ♥열애설 5개월 만에 기쁜 소식 알렸다…""한해 특별하게 만들어준 하나의 조각""",https://m.entertain.naver.com/ranking/article/312/0000740337,../data\20251216_article_2.txt,906
1175,0,726797,312,"'최정훈♥' 한지민, 핸드폰 배경 인물 딱 걸렸다…애정 남다르다더니, '활짝' 얼굴 박제 ('비서진')[TEN이슈]",https://m.entertain.naver.com/ranking/article/312/0000741984,../data\20251227_article_5.txt,997
442,0,726445,109,"'캄보디아 사망' 故서세원 이어..서동주, 연달아 비보였다 '먹먹' [핫피플]",https://m.entertain.naver.com/ranking/article/109/0005410080,../data\20251015_article_2.txt,391
1273,0,724193,609,현직 변호사 “박나래 차량 내 19금 행위→수백억 물어줄지도”…시·청각적 고통 주목,https://m.entertain.naver.com/ranking/article/609/0001077596,../data\20260106_article_3.txt,27
1013,0,724034,312,"'62세' 황신혜, 이혼 공식 발표했다…중견 재벌 2세라더니 ""딸 이진이 위해, 여배우 최초"" ('돌싱포맨')[종합]",https://m.entertain.naver.com/ranking/article/312/0000739616,../data\20251211_article_3.txt,871
371,0,723980,117,"[단독]쿠시♥비비엔, 9년 연애 끝에 10월 11일 결혼",https://m.entertain.naver.com/ranking/article/117/0003995593,../data\20251008_article_1.txt,327
1035,0,723524,312,"박나래 '나혼산' 하차했는데…새 멤버는 미담 터졌다 ""친구 위해서""",https://m.entertain.naver.com/ranking/article/312/0000739970,../data\20251213_article_5.txt,887
81,0,723387,117,[단독]'새신랑' 권율의 아내… 알고보니 황승언 친동생,https://m.entertain.naver.com/ranking/article/117/0003985952,../data\20250909_article_1.txt,70
1303,0,722406,109,"이상엽, 결혼 10개월 만에 밝힌 ♥아내 정체…""주식 거래 제한 직종"" ('홈즈')[순간포착]",https://m.entertain.naver.com/ranking/article/109/0005459243,../data\20260109_article_3.txt,1093
1632,0,721675,117,"배우 김태형 부인, 子 3명 질식사 사건 그 후…""천국 가서 아들 만나고파""",https://m.entertain.naver.com/ranking/article/117/0004034710,../data\20260211_article_2.txt,1330
1682,0,721307,109,"최준희 5월 결혼, 홍진경 허락 아니고 5년 교제도 아니다…맞고 틀린 것 [종합]",https://m.entertain.naver.com/ranking/article/109/0005479079,../data\20260216_article_2.txt,1370
1752,0,720877,312,"고수 ""와이프와 사별 후 멜로…연기하기 힘들었다""('백반기행')",https://m.entertain.naver.com/ranking/article/312/0000748967,../data\20260223_article_2.txt,1424
1653,0,720350,312,"[공식] 안재현, 이혼 6년 만에 기쁜 소식 알렸다…2살 연상 여배우와 '한집 생활' 시작 ('구기동')",https://m.entertain.naver.com/ranking/article/312/0000747974,../data\20260213_article_3.txt,1346
1533,0,720083,312,"축구선수♥아나운서 부부 탄생했다…""집 구할 돈 없어, 짐 싸서 다녀"" 父 뭉클 고백 ('사랑꾼')",https://m.entertain.naver.com/ranking/article/312/0000746473,../data\20260201_article_3.txt,1255
1702,0,716451,108,"박나래가 문제가 아니었다, 순직 소방관 '사인 맞히기' 제정신?..""자발적 제공"" 무적 안내문에 숨은 '운명전쟁49' [스타이슈]",https://m.entertain.naver.com/ranking/article/108/0003408933,../data\20260218_article_2.txt,1385
1322,0,715857,76,"이용식 사위 원혁, 공공장소 '민폐 오열' 논란...친동생 일침 ""친구였음 손절""",https://m.entertain.naver.com/ranking/article/076/0004363542,../data\20260111_article_2.txt,1109
1774,0,715713,312,"[공식] '55세' 이서진, 마침내 기쁜 소식 전했다…""은퇴 후 미국서 노년"" ('달라달라')",https://m.entertain.naver.com/ranking/article/312/0000749273,../data\20260225_article_4.txt,1443
1693,0,715180,312,"김종민, 조세호 하차→19년 간 자리 지켰는데…결국 보이콧 선언했다 ""나 안 먹어"" ('1박2일')[종합]",https://m.entertain.naver.com/ranking/article/312/0000748367,../data\20260217_article_3.txt,1379
1124,0,714992,241,"박나래 소속사, 논란 직후 이태원 자택에 거액 근저당 설정",https://m.entertain.naver.com/ranking/article/241/0003484723,../data\20251222_article_4.txt,27
1735,0,712960,312,"'윤정수♥' 원진서, 성관계 만족도에 입 열었다…""아들 낳고 싶으면"" 이야기에 고개 '푹' ('사랑꾼')",https://m.entertain.naver.com/ranking/article/312/0000748772,../data\20260221_article_5.txt,1409
1115,0,712419,117,"'인기상' 정지선, 안타까운 소식 전했다…""쌍둥이 동생 뇌종양 판정"" [2025 KBS 연예대상]",https://m.entertain.naver.com/ranking/article/117/0004019473,../data\20251221_article_5.txt,945
1002,0,712067,76,"'산다라박 동생' 천둥, ♥미미와 결혼 1년 만에 전한 소식 ""새로운 출발"" [전문]",https://m.entertain.naver.com/ranking/article/076/0004354390,../data\20251210_article_2.txt,860
161,0,711307,311,"박희순, '5년째 활동無 ♥박예진' 언급했다…""부부끼리 대본리딩? 창피해서 못해""",https://m.entertain.naver.com/ranking/article/311/0001918101,../data\20250917_article_1.txt,140
1116,0,710910,76,"'재혼' 조혜련 ""아이들과 연락 안 돼..엄마라 할 수 없어"" 자녀 독립 후 현실 토로",https://m.entertain.naver.com/ranking/article/076/0004357863,../data\20251221_article_6.txt,946
1452,0,710603,108,"차은우, 전역 368일 앞두고 사실상 연예계 퇴출..200억 탈세 의혹 후폭풍 [종합]",https://m.entertain.naver.com/ranking/article/108/0003402639,../data\20260124_article_2.txt,1178
1562,0,709798,117,"'활동 중단' 박나래, 11일 새예능 론칭…전현무 손잡고 '운명전쟁49' [공식]",https://m.entertain.naver.com/ranking/article/117/0004032298,../data\20260204_article_2.txt,1278
1683,0,705743,477,"'故최진실 딸' 최준희, 5월 16일 결혼한다…상대=11세 연상 회사원",https://m.entertain.naver.com/ranking/article/477/0000593638,../data\20260216_article_3.txt,1371
1323,0,705245,109,"박나래 복귀 한 줄기 빛…""마지막 입장문"" 자충수→신의 한 수 되나 [Oh!쎈 이슈]",https://m.entertain.naver.com/ranking/article/109/0005460510,../data\20260111_article_3.txt,27
1572,0,705210,76,"김새롬,'마약·불륜 논란' 전남편 저격인가 ""쓰레기 경험해봐야 분리수거할 줄 알게 돼""",https://m.entertain.naver.com/ranking/article/076/0004371599,../data\20260205_article_2.txt,493
871,0,702889,312,"[공식] '42세' 유연석, 드디어 벅찬 소식 알렸다…6살 연하 여배우와 '신이랑 법률사무소'에서 호흡",https://m.entertain.naver.com/ranking/article/312/0000737631,../data\20251127_article_1.txt,764
312,0,702865,312,"[공식] '65세' 이미숙, 기쁜 소식 전했다…2살 연상 ♥강석우와 황혼 로맨스 ('찬란한')",https://m.entertain.naver.com/ranking/article/312/0000730158,../data\20251002_article_2.txt,273
993,0,700582,410,“내일 공개합니다” 그 한마디 뒤… 조세호는 다음 날 바로 하차했다,https://m.entertain.naver.com/ranking/article/410/0001102261,../data\20251209_article_3.txt,858
601,0,700148,311,"이수지가 또 해냈다…대치동맘 이어 '163cm·48kg' 변신, 현실 고증 ""경이로워"" [엑's 이슈]",https://m.entertain.naver.com/ranking/article/311/0001935891,../data\20251031_article_1.txt,532
341,0,699845,109,"‘조정석♥’ 거미, 임신 5개월 근황 포착..볼록한 배 감싸안고 “아기가 너무 순해”(행복해다홍)",https://m.entertain.naver.com/ranking/article/109/0005405244,../data\20251005_article_1.txt,302
1605,0,699325,311,"'강혜정♥' 타블로, 자식농사 대박 났다…16세 맞아? 유창한 영어 실력 '깜짝' [엑's 이슈]",https://m.entertain.naver.com/ranking/article/311/0001973027,../data\20260208_article_5.txt,1310
1203,0,699198,76,"오상욱♥하루카 토요다, 열애설 맞았나..'크리스마스 럽스타' 포착",https://m.entertain.naver.com/ranking/article/076/0004360166,../data\20251230_article_3.txt,1022
1612,0,696131,468,"AOA 출신 권민아, 리프팅 시술 후 ‘얼굴 10% 화상’ 의료사고...“살 찢어지는 고통, 소송 불사”",https://m.entertain.naver.com/ranking/article/468/0001215773,../data\20260209_article_2.txt,1315
493,0,693438,609,"39세 배우, 교통사고로 갑작스러운 사망‥소속사 측 “믿을 수 없어”",https://m.entertain.naver.com/ranking/article/609/0001048756,../data\20251020_article_3.txt,438
1563,0,692849,312,"[공식] 김유미, 6년 만에 결별했다…♥정우와 결혼 11년 차에 FA로, ""그동안 감사해""",https://m.entertain.naver.com/ranking/article/312/0000746825,../data\20260204_article_3.txt,1270
392,0,692430,410,[속보]이진호 음주운전 신고한 여자친구 숨진 채 발견…경찰 “정확한 경위 조사 중”,https://m.entertain.naver.com/ranking/article/410/0001093237,../data\20251010_article_2.txt,344
1176,0,690783,76,"한지민, ♥최정훈 1년째 열애 중인데...이서진 ""지민이 집 변기가"" ('비서진')",https://m.entertain.naver.com/ranking/article/076/0004359475,../data\20251227_article_6.txt,998
642,0,690770,76,"미용사된 이지현, 3개월 만에 미용실 떠난다..예약 접수 NO ""곧 졸업""",https://m.entertain.naver.com/ranking/article/076/0004343002,../data\20251104_article_2.txt,568
471,0,690465,76,"이수근, '1박2일' 하차 12년만 고백 ""노홍철 이해 안 돼, 너무 괴로웠다"" ('짠한형')",https://m.entertain.naver.com/ranking/article/076/0004335538,../data\20251018_article_1.txt,416
